bar_index,equity
0,30.0
1,30.0
2,30.0
3,30.0
4,30.0
5,30.0
6,30.0
7,30.0
8,30.0
9,30.0
10,30.0
11,30.0
12,30.0
13,30.0
14,30.0
15,30.0
16,30.0
17,30.0
18,30.0
19,30.0
20,30.0
21,30.0
22,30.0
23,30.0
24,30.0
25,30.0
26,30.0
27,30.0
28,30.0
29,30.0
30,30.0
31,30.0
32,30.0
33,30.0
34,30.0
35,30.0
36,30.0
37,30.0
38,30.0
39,30.0
40,30.0
41,30.0
42,30.0
43,30.0
44,30.0
45,30.0
46,30.0
47,30.0
48,30.0
49,30.0
50,30.0
51,30.0
52,30.0
53,30.0
54,30.0
55,30.0
56,30.0
57,30.0
58,30.0
59,30.0
60,30.0
61,30.0
62,30.0
63,30.0
64,30.0
65,30.0
66,30.0
67,30.0
68,30.0
69,30.0
70,30.0
71,30.0
72,30.0
73,30.0
74,30.0
75,30.0
76,30.0
77,30.0
78,30.0
79,30.0
80,30.0
81,30.0
82,30.0
83,30.0
84,30.0
85,30.0
86,30.0
87,30.0
88,30.0
89,30.0
90,30.0
91,30.0
92,30.0
93,30.0
94,30.0
95,30.0
96,30.0
97,30.0
98,30.0
99,30.0
100,30.0
101,30.0
102,30.0
103,30.0
104,30.0
105,30.0
106,30.0
107,30.0
108,30.0
109,30.0
110,30.0
111,30.0
112,30.0
113,30.0
114,30.0
115,30.0
116,30.0
117,30.0
118,30.0
119,30.0
120,30.0
121,30.0
122,30.0
123,30.0
124,30.0
125,30.0
126,30.0
127,30.0
128,30.0
129,30.0
130,30.0
131,30.0
132,30.0
133,30.0
134,30.0
135,30.0
136,30.0
137,30.0
138,30.0
139,30.0
140,30.0
141,30.0
142,30.0
143,30.0
144,30.0
145,30.0
146,30.0
147,30.0
148,30.0
149,30.0
150,30.0
151,30.0
152,30.0
153,30.0
154,30.0
155,30.0
156,30.0
157,30.0
158,30.0
159,30.0
160,30.0
161,30.0
162,29.736640504055284
163,29.902834315651628
164,29.902834315651628
165,29.902834315651628
166,29.902834315651628
167,29.902834315651628
168,29.902834315651628
169,29.902834315651628
170,29.902834315651628
171,29.902834315651628
172,29.902834315651628
173,29.902834315651628
174,29.902834315651628
175,29.902834315651628
176,29.902834315651628
177,29.902834315651628
178,29.902834315651628
179,29.902834315651628
180,29.902834315651628
181,29.902834315651628
182,29.902834315651628
183,29.902834315651628
184,29.902834315651628
185,29.902834315651628
186,29.902834315651628
187,29.902834315651628
188,29.902834315651628
189,29.902834315651628
190,29.902834315651628
191,29.902834315651628
192,29.902834315651628
193,29.902834315651628
194,29.902834315651628
195,29.902834315651628
196,29.902834315651628
197,29.902834315651628
198,29.902834315651628
199,29.902834315651628
200,29.902834315651628
201,29.902834315651628
202,29.902834315651628
203,29.902834315651628
204,29.902834315651628
205,29.902834315651628
206,29.902834315651628
207,29.902834315651628
208,29.902834315651628
209,29.902834315651628
210,29.902834315651628
211,29.902834315651628
212,29.902834315651628
213,29.902834315651628
214,29.902834315651628
215,29.902834315651628
216,29.902834315651628
217,29.902834315651628
218,29.902834315651628
219,29.902834315651628
220,29.902834315651628
221,29.902834315651628
222,29.902834315651628
223,29.902834315651628
224,29.902834315651628
225,29.902834315651628
226,29.902834315651628
227,29.902834315651628
228,29.902834315651628
229,29.902834315651628
230,29.902834315651628
231,29.902834315651628
232,29.902834315651628
233,29.902834315651628
234,29.902834315651628
235,29.902834315651628
236,29.902834315651628
237,29.902834315651628
238,29.902834315651628
239,29.902834315651628
240,29.902834315651628
241,29.902834315651628
242,29.902834315651628
243,29.902834315651628
244,29.902834315651628
245,29.902834315651628
246,29.902834315651628
247,29.902834315651628
248,29.902834315651628
249,29.902834315651628
250,29.902834315651628
251,29.902834315651628
252,29.902834315651628
253,29.902834315651628
254,29.902834315651628
255,29.902834315651628
256,29.902834315651628
257,29.902834315651628
258,29.902834315651628
259,29.902834315651628
260,29.902834315651628
261,29.902834315651628
262,29.902834315651628
263,29.902834315651628
264,29.902834315651628
265,29.902834315651628
266,29.902834315651628
267,29.902834315651628
268,29.902834315651628
269,29.902834315651628
270,29.902834315651628
271,29.902834315651628
272,29.902834315651628
273,29.902834315651628
274,29.902834315651628
275,29.902834315651628
276,29.902834315651628
277,29.902834315651628
278,29.902834315651628
279,29.902834315651628
280,29.902834315651628
281,29.902834315651628
282,29.902834315651628
283,29.902834315651628
284,29.902834315651628
285,29.902834315651628
286,29.902834315651628
287,29.902834315651628
288,29.902834315651628
289,29.902834315651628
290,29.902834315651628
291,29.902834315651628
292,29.902834315651628
293,29.902834315651628
294,29.902834315651628
295,29.902834315651628
296,29.902834315651628
297,29.902834315651628
298,29.902834315651628
299,29.902834315651628
300,29.902834315651628
301,29.902834315651628
302,29.902834315651628
303,29.902834315651628
304,29.902834315651628
305,29.902834315651628
306,29.902834315651628
307,29.902834315651628
308,29.902834315651628
309,29.902834315651628
310,29.902834315651628
311,29.902834315651628
312,29.902834315651628
313,29.902834315651628
314,29.902834315651628
315,29.902834315651628
316,29.902834315651628
317,29.902834315651628
318,29.902834315651628
319,29.902834315651628
320,29.902834315651628
321,29.902834315651628
322,29.902834315651628
323,29.902834315651628
324,29.902834315651628
325,29.902834315651628
326,29.902834315651628
327,29.902834315651628
328,29.902834315651628
329,29.902834315651628
330,29.902834315651628
331,29.902834315651628
332,29.902834315651628
333,29.902834315651628
334,29.902834315651628
335,29.902834315651628
336,29.902834315651628
337,29.902834315651628
338,29.902834315651628
339,29.902834315651628
340,29.902834315651628
341,29.902834315651628
342,29.902834315651628
343,29.902834315651628
344,29.902834315651628
345,29.902834315651628
346,29.902834315651628
347,29.902834315651628
348,29.902834315651628
349,29.902834315651628
350,29.902834315651628
351,29.902834315651628
352,29.902834315651628
353,29.89306141016924
354,29.86638986649706
355,29.86638986649706
356,29.86638986649706
357,29.86638986649706
358,29.86638986649706
359,29.86638986649706
360,29.86638986649706
361,29.86638986649706
362,29.86638986649706
363,29.86638986649706
364,29.86638986649706
365,29.86638986649706
366,29.86638986649706
367,29.86638986649706
368,29.86638986649706
369,29.86638986649706
370,29.86638986649706
371,29.86638986649706
372,29.86638986649706
373,29.86638986649706
374,29.86638986649706
375,29.86638986649706
376,29.86638986649706
377,29.86638986649706
378,29.86638986649706
379,29.86638986649706
380,29.86638986649706
381,29.86638986649706
382,29.86638986649706
383,29.86638986649706
384,29.86638986649706
385,29.86638986649706
386,29.86638986649706
387,29.86638986649706
388,29.86638986649706
389,29.86638986649706
390,29.86638986649706
391,29.86638986649706
392,29.86638986649706
393,29.86638986649706
394,29.86638986649706
395,29.86638986649706
396,29.86638986649706
397,29.86638986649706
398,29.86638986649706
399,29.86638986649706
400,29.86638986649706
401,29.86638986649706
402,29.86638986649706
403,29.86638986649706
404,29.86638986649706
405,29.86638986649706
406,29.86638986649706
407,29.86638986649706
408,29.86638986649706
409,29.86638986649706
410,29.86638986649706
411,29.86638986649706
412,29.86638986649706
413,29.86638986649706
414,29.86638986649706
415,29.86638986649706
416,29.86638986649706
417,29.86638986649706
418,29.86638986649706
419,29.86638986649706
420,29.86638986649706
421,29.86638986649706
422,29.86638986649706
423,29.86638986649706
424,29.86638986649706
425,29.86638986649706
426,29.86638986649706
427,29.86638986649706
428,29.86638986649706
429,29.86638986649706
430,29.86638986649706
431,29.86638986649706
432,29.86638986649706
433,29.86638986649706
434,29.86638986649706
435,29.86638986649706
436,29.86638986649706
437,29.86638986649706
438,29.86638986649706
439,29.86638986649706
440,29.86638986649706
441,29.86638986649706
442,29.86638986649706
443,29.86638986649706
444,29.86638986649706
445,29.86638986649706
446,29.86638986649706
447,29.86638986649706
448,29.86638986649706
449,29.86638986649706
450,29.86638986649706
451,29.86638986649706
452,29.86638986649706
453,29.86638986649706
454,29.86638986649706
455,29.86638986649706
456,29.86638986649706
457,29.86638986649706
458,29.86638986649706
459,29.86638986649706
460,29.86638986649706
461,29.86638986649706
462,29.86638986649706
463,29.86638986649706
464,29.86638986649706
465,29.86638986649706
466,29.86638986649706
467,29.86638986649706
468,29.86638986649706
469,29.86638986649706
470,29.86638986649706
471,29.86638986649706
472,29.86638986649706
473,29.86638986649706
474,29.86638986649706
475,29.86638986649706
476,29.86638986649706
477,29.86638986649706
478,29.86638986649706
479,29.86638986649706
480,29.86638986649706
481,29.86638986649706
482,29.86638986649706
483,29.86638986649706
484,29.86638986649706
485,29.86638986649706
486,29.86638986649706
487,29.86638986649706
488,29.86638986649706
489,29.86638986649706
490,29.86638986649706
491,29.86638986649706
492,29.86638986649706
493,29.86638986649706
494,29.86638986649706
495,29.86638986649706
496,29.86638986649706
497,29.86638986649706
498,29.86638986649706
499,29.86638986649706
500,29.86638986649706
501,29.86638986649706
502,29.86638986649706
503,29.86638986649706
504,29.86638986649706
505,29.86638986649706
506,29.86638986649706
507,29.86638986649706
508,29.86638986649706
509,29.86638986649706
510,29.86638986649706
511,29.86638986649706
512,29.86638986649706
513,29.86638986649706
514,29.86638986649706
515,29.86638986649706
516,29.86638986649706
517,29.86638986649706
518,29.86638986649706
519,29.86638986649706
520,29.86638986649706
521,29.86638986649706
522,29.86638986649706
523,29.86638986649706
524,29.86638986649706
525,29.86638986649706
526,29.86638986649706
527,29.86638986649706
528,29.86638986649706
529,29.86638986649706
530,29.86638986649706
531,29.86638986649706
532,29.86638986649706
533,29.86638986649706
534,29.86638986649706
535,29.86638986649706
536,29.86638986649706
537,29.86638986649706
538,29.86638986649706
539,29.86638986649706
540,29.86638986649706
541,29.86638986649706
542,29.86638986649706
543,29.86638986649706
544,29.86638986649706
545,29.86638986649706
546,29.86638986649706
547,29.86638986649706
548,29.86638986649706
549,29.86638986649706
550,29.86638986649706
551,29.86638986649706
552,29.86638986649706
553,29.86638986649706
554,29.86638986649706
555,29.86638986649706
556,29.86638986649706
557,29.86638986649706
558,29.86638986649706
559,29.86638986649706
560,29.86638986649706
561,29.86638986649706
562,29.86638986649706
563,29.86638986649706
564,29.86638986649706
565,29.86638986649706
566,29.86638986649706
567,29.86638986649706
568,29.86638986649706
569,29.86638986649706
570,29.86638986649706
571,29.86638986649706
572,29.86638986649706
573,29.86638986649706
574,29.86638986649706
575,29.86638986649706
576,29.86638986649706
577,29.86638986649706
578,29.86638986649706
579,29.86638986649706
580,29.86638986649706
581,29.86638986649706
582,29.86638986649706
583,29.86638986649706
584,29.86638986649706
585,29.86638986649706
586,29.86638986649706
587,29.86638986649706
588,29.86638986649706
589,29.86638986649706
590,29.86638986649706
591,29.86638986649706
592,29.86638986649706
593,29.86638986649706
594,29.86638986649706
595,29.86638986649706
596,29.86638986649706
597,29.86638986649706
598,29.86638986649706
599,29.86638986649706
600,29.86638986649706
601,29.86638986649706
602,29.86638986649706
603,29.86638986649706
604,29.86638986649706
605,29.86638986649706
606,29.86638986649706
607,29.86638986649706
608,29.86638986649706
609,29.86638986649706
610,29.86638986649706
611,29.86638986649706
612,29.86638986649706
613,29.86638986649706
614,29.86638986649706
615,29.86638986649706
616,29.86638986649706
617,29.86638986649706
618,29.86638986649706
619,29.86638986649706
620,29.86638986649706
621,29.86638986649706
622,29.86638986649706
623,29.86638986649706
624,29.86638986649706
625,29.86638986649706
626,29.86638986649706
627,29.86638986649706
628,29.86638986649706
629,29.86638986649706
630,29.86638986649706
631,29.86638986649706
632,29.86638986649706
633,29.86638986649706
634,29.86638986649706
635,29.86638986649706
636,29.86638986649706
637,29.86638986649706
638,29.86638986649706
639,29.86638986649706
640,29.86638986649706
641,29.86638986649706
642,29.86638986649706
643,29.86638986649706
644,29.86638986649706
645,29.86638986649706
646,29.86638986649706
647,29.86638986649706
648,29.86638986649706
649,29.86638986649706
650,29.86638986649706
651,29.86638986649706
652,29.86638986649706
653,29.86638986649706
654,29.86638986649706
655,29.86638986649706
656,29.86638986649706
657,29.86638986649706
658,29.86638986649706
659,29.86638986649706
660,29.86638986649706
661,29.86638986649706
662,29.86638986649706
663,29.86638986649706
664,29.86638986649706
665,29.86638986649706
666,29.86638986649706
667,29.86638986649706
668,29.86638986649706
669,29.86638986649706
670,29.86638986649706
671,29.86638986649706
672,29.86638986649706
673,29.86638986649706
674,29.86638986649706
675,29.86638986649706
676,29.86638986649706
677,29.86638986649706
678,29.86638986649706
679,29.86638986649706
680,29.86638986649706
681,29.86638986649706
682,29.86638986649706
683,29.86638986649706
684,29.86638986649706
685,29.86638986649706
686,29.86638986649706
687,29.86638986649706
688,29.86638986649706
689,29.86638986649706
690,29.86638986649706
691,29.86638986649706
692,29.86638986649706
693,29.86638986649706
694,29.86638986649706
695,29.86638986649706
696,29.86638986649706
697,29.86638986649706
698,29.86638986649706
699,29.86638986649706
700,29.86638986649706
701,29.86638986649706
702,29.86638986649706
703,29.86638986649706
704,29.86638986649706
705,29.86638986649706
706,29.86638986649706
707,29.86638986649706
708,29.86638986649706
709,29.86638986649706
710,29.86638986649706
711,29.86638986649706
712,29.86638986649706
713,29.86638986649706
714,29.86638986649706
715,29.86638986649706
716,29.86638986649706
717,29.86638986649706
718,29.86638986649706
719,29.86638986649706
720,29.86638986649706
721,29.86638986649706
722,29.86638986649706
723,29.86638986649706
724,29.86638986649706
725,29.86638986649706
726,29.86638986649706
727,29.86638986649706
728,29.86638986649706
729,29.86638986649706
730,29.86638986649706
731,29.86638986649706
732,29.86638986649706
733,29.86638986649706
734,29.86638986649706
735,29.86638986649706
736,29.86638986649706
737,29.86638986649706
738,29.86638986649706
739,29.86638986649706
740,29.86638986649706
741,29.86638986649706
742,29.86638986649706
743,29.86638986649706
744,29.86638986649706
745,29.86638986649706
746,29.86638986649706
747,29.86638986649706
748,29.86638986649706
749,29.86638986649706
750,29.86638986649706
751,29.86638986649706
752,29.86638986649706
753,29.86638986649706
754,29.86638986649706
755,29.86638986649706
756,29.86638986649706
757,29.86638986649706
758,29.86638986649706
759,29.86638986649706
760,29.86638986649706
761,29.86638986649706
762,29.86638986649706
763,29.86638986649706
764,29.86638986649706
765,29.86638986649706
766,29.86638986649706
767,29.86638986649706
768,29.86638986649706
769,29.86638986649706
770,29.86638986649706
771,29.86638986649706
772,29.86638986649706
773,29.86638986649706
774,29.86638986649706
775,29.86638986649706
776,29.86638986649706
777,29.86638986649706
778,29.86638986649706
779,29.86638986649706
780,29.86638986649706
781,29.86638986649706
782,29.86638986649706
783,29.86638986649706
784,29.86638986649706
785,29.86638986649706
786,29.86638986649706
787,29.86638986649706
788,29.86638986649706
789,29.86638986649706
790,29.86638986649706
791,29.86638986649706
792,29.86638986649706
793,29.86638986649706
794,29.86638986649706
795,29.86638986649706
796,29.86638986649706
797,29.86638986649706
798,29.86638986649706
799,29.86638986649706
800,29.86638986649706
801,29.86638986649706
802,29.86638986649706
803,29.86638986649706
804,29.86638986649706
805,29.86638986649706
806,29.86638986649706
807,29.86638986649706
808,29.86638986649706
809,29.86638986649706
810,29.86638986649706
811,29.86638986649706
812,29.86638986649706
813,29.86638986649706
814,29.86638986649706
815,29.86638986649706
816,29.86638986649706
817,29.86638986649706
818,29.86638986649706
819,29.86638986649706
820,29.86638986649706
821,29.86638986649706
822,29.86638986649706
823,29.86638986649706
824,29.86638986649706
825,29.86638986649706
826,29.86638986649706
827,29.86638986649706
828,29.86638986649706
829,29.86638986649706
830,29.86638986649706
831,29.86638986649706
832,29.86638986649706
833,29.86638986649706
834,29.86638986649706
835,29.86638986649706
836,29.86638986649706
837,29.86638986649706
838,29.86638986649706
839,29.86638986649706
840,29.86638986649706
841,29.86638986649706
842,29.86638986649706
843,29.86638986649706
844,29.86638986649706
845,29.86638986649706
846,29.86638986649706
847,29.86638986649706
848,29.86638986649706
849,29.86638986649706
850,29.86638986649706
851,29.86638986649706
852,29.86638986649706
853,29.86638986649706
854,29.86638986649706
855,29.86638986649706
856,29.86638986649706
857,29.86638986649706
858,29.86638986649706
859,30.01115842082089
860,30.064359806790893
861,29.952370889324037
862,30.039421657117455
863,29.880416014799607
864,29.889127741752194
865,29.87835446109327
866,29.809126157599803
867,29.833133283018768
868,29.89517939940628
869,29.872435806904104
870,29.82635010630759
871,29.862593550499653
872,29.82608409937774
873,29.71380000023034
874,29.71380000023034
875,29.71380000023034
876,29.71380000023034
877,29.71380000023034
878,29.71380000023034
879,29.71380000023034
880,29.71380000023034
881,29.71380000023034
882,29.71380000023034
883,29.71380000023034
884,29.71380000023034
885,29.71380000023034
886,29.71380000023034
887,29.71380000023034
888,29.71380000023034
889,29.71380000023034
890,29.71380000023034
891,29.71380000023034
892,29.71380000023034
893,29.71380000023034
894,29.71380000023034
895,29.71380000023034
896,29.71380000023034
897,29.71380000023034
898,29.71380000023034
899,29.71380000023034
900,29.71380000023034
901,29.71380000023034
902,29.71380000023034
903,29.71380000023034
904,29.71380000023034
905,29.71380000023034
906,29.71380000023034
907,29.71380000023034
908,29.71380000023034
909,29.71380000023034
910,29.71380000023034
911,29.71380000023034
912,29.71380000023034
913,29.71380000023034
914,29.71380000023034
915,29.71380000023034
916,29.71380000023034
917,29.71380000023034
918,29.71380000023034
919,29.71380000023034
920,29.71380000023034
921,29.71380000023034
922,29.71380000023034
923,29.71380000023034
924,29.71380000023034
925,29.71380000023034
926,29.71380000023034
927,29.71380000023034
928,29.71380000023034
929,29.690841570036845
930,29.853206292456523
931,30.211441671041538
932,30.397971273788094
933,30.523386764923035
934,30.51616908354304
935,30.590790386542505
936,30.590790386542505
937,30.590790386542505
938,30.590790386542505
939,30.590790386542505
940,30.590790386542505
941,30.590790386542505
942,30.590790386542505
943,30.590790386542505
944,30.590790386542505
945,30.590790386542505
946,30.590790386542505
947,30.590790386542505
948,30.590790386542505
949,30.590790386542505
950,30.590790386542505
951,30.590790386542505
952,30.590790386542505
953,30.590790386542505
954,30.590790386542505
955,30.590790386542505
956,30.590790386542505
957,30.590790386542505
958,30.590790386542505
959,30.590790386542505
960,30.590790386542505
961,30.590790386542505
962,30.590790386542505
963,30.590790386542505
964,30.590790386542505
965,30.590790386542505
966,30.590790386542505
967,30.590790386542505
968,30.590790386542505
969,30.590790386542505
970,30.590790386542505
971,30.590790386542505
972,30.590790386542505
973,30.590790386542505
974,30.590790386542505
975,30.590790386542505
976,30.590790386542505
977,30.590790386542505
978,30.590790386542505
979,30.590790386542505
980,30.590790386542505
981,30.590790386542505
982,30.590790386542505
983,30.590790386542505
984,30.590790386542505
985,30.590790386542505
986,30.590790386542505
987,30.590790386542505
988,30.590790386542505
989,30.590790386542505
990,30.590790386542505
991,30.590790386542505
992,30.590790386542505
993,30.590790386542505
994,30.590790386542505
995,30.590790386542505
996,30.590790386542505
997,30.590790386542505
998,30.590790386542505
999,30.590790386542505
1000,30.590790386542505
1001,30.590790386542505
1002,30.590790386542505
1003,30.590790386542505
1004,30.590790386542505
1005,30.590790386542505
1006,30.590790386542505
1007,30.590790386542505
1008,30.590790386542505
1009,30.590790386542505
1010,30.590790386542505
1011,30.590790386542505
1012,30.590790386542505
1013,30.590790386542505
1014,30.590790386542505
1015,30.590790386542505
1016,30.590790386542505
1017,30.590790386542505
1018,30.590790386542505
1019,30.590790386542505
1020,30.590790386542505
1021,30.590790386542505
1022,30.590790386542505
1023,30.590790386542505
1024,30.590790386542505
1025,30.590790386542505
1026,30.590790386542505
1027,30.590790386542505
1028,30.590790386542505
1029,30.590790386542505
1030,30.590790386542505
1031,30.590790386542505
1032,30.590790386542505
1033,30.590790386542505
1034,30.590790386542505
1035,30.590790386542505
1036,30.590790386542505
1037,30.590790386542505
1038,30.590790386542505
1039,30.590790386542505
1040,30.590790386542505
1041,30.590790386542505
1042,30.590790386542505
1043,30.590790386542505
1044,30.590790386542505
1045,30.590790386542505
1046,30.590790386542505
1047,30.590790386542505
1048,30.590790386542505
1049,30.590790386542505
1050,30.590790386542505
1051,30.590790386542505
1052,30.590790386542505
1053,30.590790386542505
1054,30.590790386542505
1055,30.590790386542505
1056,30.590790386542505
1057,30.590790386542505
1058,30.590790386542505
1059,30.590790386542505
1060,30.590790386542505
1061,30.590790386542505
1062,30.590790386542505
1063,30.590790386542505
1064,30.590790386542505
1065,30.590790386542505
1066,30.590790386542505
1067,30.590790386542505
1068,30.590790386542505
1069,30.590790386542505
1070,30.590790386542505
1071,30.590790386542505
1072,30.590790386542505
1073,30.590790386542505
1074,30.590790386542505
1075,30.590790386542505
1076,30.590790386542505
1077,30.590790386542505
1078,30.590790386542505
1079,30.590790386542505
1080,30.590790386542505
1081,30.590790386542505
1082,30.590790386542505
1083,30.590790386542505
1084,30.590790386542505
1085,30.590790386542505
1086,30.590790386542505
1087,30.590790386542505
1088,30.590790386542505
1089,30.590790386542505
1090,30.590790386542505
1091,30.590790386542505
1092,30.590790386542505
1093,30.590790386542505
1094,30.590790386542505
1095,30.590790386542505
1096,30.590790386542505
1097,30.590790386542505
1098,30.590790386542505
1099,30.590790386542505
1100,30.590790386542505
1101,30.590790386542505
1102,30.590790386542505
1103,30.590790386542505
1104,30.590790386542505
1105,30.590790386542505
1106,30.590790386542505
1107,30.590790386542505
1108,30.590790386542505
1109,30.590790386542505
1110,30.590790386542505
1111,30.590790386542505
1112,30.590790386542505
1113,30.590790386542505
1114,30.590790386542505
1115,30.590790386542505
1116,30.590790386542505
1117,30.590790386542505
1118,30.590790386542505
1119,30.590790386542505
1120,30.590790386542505
1121,30.590790386542505
1122,30.590790386542505
1123,30.590790386542505
1124,30.590790386542505
1125,30.590790386542505
1126,30.590790386542505
1127,30.590790386542505
1128,30.590790386542505
1129,30.590790386542505
1130,30.590790386542505
1131,30.590790386542505
1132,30.590790386542505
1133,30.590790386542505
1134,30.590790386542505
1135,30.590790386542505
1136,30.590790386542505
1137,30.590790386542505
1138,30.590790386542505
1139,30.590790386542505
1140,30.590790386542505
1141,30.590790386542505
1142,30.590790386542505
1143,30.590790386542505
1144,30.590790386542505
1145,30.590790386542505
1146,30.590790386542505
1147,30.590790386542505
1148,30.590790386542505
1149,30.590790386542505
1150,30.590790386542505
1151,30.590790386542505
1152,30.590790386542505
1153,30.590790386542505
1154,30.590790386542505
1155,30.590790386542505
1156,30.590790386542505
1157,30.590790386542505
1158,30.590790386542505
1159,30.590790386542505
1160,30.590790386542505
1161,30.590790386542505
1162,30.590790386542505
1163,30.590790386542505
1164,30.590790386542505
1165,30.590790386542505
1166,30.590790386542505
1167,30.590790386542505
1168,30.590790386542505
1169,30.590790386542505
1170,30.590790386542505
1171,30.590790386542505
1172,30.590790386542505
1173,30.590790386542505
1174,30.590790386542505
1175,30.590790386542505
1176,30.590790386542505
1177,30.590790386542505
1178,30.590790386542505
1179,30.590790386542505
1180,30.590790386542505
1181,30.590790386542505
1182,30.590790386542505
1183,30.590790386542505
1184,30.590790386542505
1185,30.590790386542505
1186,30.590790386542505
1187,30.590790386542505
1188,30.590790386542505
1189,30.590790386542505
1190,30.590790386542505
1191,30.590790386542505
1192,30.590790386542505
1193,30.590790386542505
1194,30.590790386542505
1195,30.590790386542505
1196,30.590790386542505
1197,30.590790386542505
1198,30.590790386542505
1199,30.590790386542505
1200,30.590790386542505
1201,30.590790386542505
1202,30.590790386542505
1203,30.590790386542505
1204,30.590790386542505
1205,30.590790386542505
1206,30.590790386542505
1207,30.590790386542505
1208,30.590790386542505
1209,30.590790386542505
1210,30.590790386542505
1211,30.590790386542505
1212,30.590790386542505
1213,30.590790386542505
1214,30.590790386542505
1215,30.590790386542505
1216,30.590790386542505
1217,30.590790386542505
1218,30.590790386542505
1219,30.809641219339344
1220,30.722317886111888
1221,30.74039229174251
1222,30.798099731406538
1223,30.78619530360163
1224,31.015936242641455
1225,30.900231011415713
1226,31.006717569890093
1227,31.00555616229937
1228,31.153853394039768
1229,31.275873779040065
1230,31.275583427142383
1231,31.34069484019727
1232,31.40754836463824
1233,31.26999415311203
1234,31.306505904245377
1235,31.211923773575897
1236,31.211125305857276
1237,31.25329891899539
1238,31.364285931883824
1239,31.36747980275831
1240,31.267453574007327
1241,31.334016746550617
1242,31.37669847550967
1243,31.220924682403997
1244,31.26963121323993
1245,31.210254250164233
1246,31.245967533578956
1247,31.254024798739596
1248,31.245096477885916
1249,31.168153225000538
1250,31.04961706277241
1251,31.111099077106292
1252,31.069288403840275
1253,31.075095441793888
1254,31.04018062609779
1255,31.008241917352915
1256,31.09396831514313
1257,31.238781324111358
1258,31.143255549774423
1259,31.184848459117177
1260,31.226513956434353
1261,31.206624851443227
1262,31.205027916005985
1263,31.07887001646374
1264,31.14608648077681
1265,31.213012593192204
1266,31.325669129492297
1267,31.24821776078598
1268,31.29656135174981
1269,31.277252950554047
1270,31.34490494271364
1271,31.393611473549573
1272,31.464457336583653
1273,31.41393610638722
1274,31.418436560801265
1275,31.423953246857202
1276,31.378876114742276
1277,31.379964934358583
1278,31.30026333844524
1279,31.23798285639274
1280,31.24727411711852
1281,31.214101412808507
1282,31.284584335970486
1283,31.319862091538685
1284,31.39753122416826
1285,31.37081884958164
1286,31.328064532648163
1287,31.335976621859963
1288,31.285310215714688
1289,31.31753927635724
1290,31.325088425696936
1291,31.329806644034246
1292,31.312095178275726
1293,31.350349040795155
1294,31.337428381348364
1295,31.338299437041403
1296,31.141295674465077
1297,31.197551354640705
1298,31.193704191996435
1299,31.12285832896236
1300,31.15574068137469
1301,31.125326320092643
1302,31.115236591648237
1303,31.18194494014037
1304,31.15399856998861
1305,31.168733928795902
1306,31.159152316172438
1307,31.07088533927752
1308,31.3094820111966
1309,31.46837708720234
1310,31.379601994486478
1311,31.30360238526857
1312,31.288141146717074
1313,31.245677181681277
1314,31.28690715115193
1315,31.359132185699995
1316,31.254605502534957
1317,31.086273989854593
1318,31.193413840098756
1319,31.188332681889346
1320,31.301206982112703
1321,31.26571146262124
1322,31.17316179523553
1323,31.315361637124635
1324,31.346284114227625
1325,31.403410850096293
1326,31.320370207359627
1327,31.33169393136917
1328,31.171274507900605
1329,31.167427345256336
1330,31.360293593290717
1331,31.32145902697593
1332,31.21693234381089
1333,31.214972468501546
1334,31.198277234384907
1335,31.17265367941459
1336,31.10151746448283
1337,31.20081781348961
1338,31.235877805134553
1339,31.192179844533616
1340,31.14056979472088
1341,31.172435915491327
1342,31.203939096389682
1343,31.134762756767262
1344,31.140932734592976
1345,31.152183870628104
1346,31.166048173742354
1347,31.157482792760774
1348,31.09396831514313
1349,31.09360537527103
1350,31.173379559158793
1351,31.177880013572842
1352,31.214682116603868
1353,31.185211398989278
1354,31.15392598201419
1355,31.101009348661886
1356,31.143328137748846
1357,31.153054926321143
1358,31.23740215259738
1359,31.197623942615127
1360,31.138392155488273
1361,31.114801063801718
1362,31.141876378260438
1363,31.175920138263496
1364,31.19029255719869
1365,31.198857938180268
1366,31.19530112743368
1367,31.255403970253575
1368,31.320660559257306
1369,31.311296710557105
1370,31.303384621345305
1371,31.373069076788664
1372,31.353397735720797
1373,31.324798073799258
1374,31.246548237374316
1375,31.25264562722561
1376,31.283059988507663
1377,31.281100113198317
1378,31.288213734691492
1379,31.266364754391024
1380,31.182888583807834
1381,31.19798688248723
1382,31.232320994387965
1383,31.328137120622586
1384,31.34933280915327
1385,31.35709972241623
1386,31.34374353512292
1387,31.37916646663996
1388,31.341928835762413
1389,31.377061415381775
1390,31.360221005316294
1391,31.398547455810142
1392,31.37096402553048
1393,31.39745863619384
1394,31.342001423736836
1395,31.343380595250817
1396,31.31942656369216
1397,31.337428381348364
1398,31.29656135174981
1399,31.355720550902245
1400,31.39259524190769
1401,31.361745352779117
1402,31.381271517898142
1403,31.35383326356732
1404,31.30113439413828
1405,31.222666793790083
1406,31.245386829783595
1407,31.23987014372766
1408,31.346937405997405
1409,30.849782369193697
1410,30.667513965424664
1411,30.718906251314138
1412,31.160386311737582
1413,31.51200245982886
1414,31.70523164773534
1415,31.919946876070185
1416,31.9549658574316
1417,31.891995789622104
1418,31.92063174553086
1419,31.885898399770813
1420,31.950646872953598
1421,31.952570454275733
1422,31.934496048645112
1423,31.94266219576738
1424,32.032308344176286
1425,32.07495377914813
1426,32.12696306282018
1427,32.107473191688364
1428,32.09734716925675
1429,32.051725627333674
1430,32.10010551228472
1431,32.014669466392185
1432,32.024541430913324
1433,32.04167219287648
1434,32.02991294102042
1435,32.051181217525524
1436,32.058875542814064
1437,32.05299591688603
1438,32.03470374733215
1439,32.00893501641299
1440,32.01514128822591
1441,31.998337172147647
1442,32.045483061533545
1443,32.03336086980538
1444,32.02152902997489
1445,32.00378127022916
1446,32.00976977811882
1447,31.997792762339497
1448,32.005886321487345
1449,31.993691541784756
1450,32.02029503440975
1451,32.03089287867509
1452,32.019714330614384
1453,32.0266101881843
1454,32.000333341444204
1455,31.999026757904637
1456,31.97652448583439
1457,31.99049767091027
1458,31.99470777342664
1459,32.028170829634334
1460,32.019061038844605
1461,32.0089713104002
1462,32.002365804727965
1463,31.98959032123002
1464,31.979391710823982
1465,31.986541626304373
1466,32.01956915466555
1467,32.02711830400524
1468,32.011802241402584
1469,32.03299792993327
1470,32.01383470468635
1471,32.02737236191572
1472,32.01815368916435
1473,32.01154818349212
1474,31.996449884812723
1475,31.98636015636832
1476,31.994127069631276
1477,31.993038250014976
1478,31.984690632956656
1479,31.965672583658574
1480,31.961970596963145
1481,31.974201670652942
1482,31.985126160803176
1483,31.95990183969217
1484,31.92066803951807
1485,31.93398793282417
1486,31.927346133164725
1487,31.913082596191163
1488,31.909634667406205
1489,31.909670961393417
1490,31.941936316023178
1491,31.92476926007281
1492,31.926475077471682
1493,31.910868662971346
1494,31.927600191075197
1495,31.913590712012105
1496,31.86339612770056
1497,31.86673517452389
1498,31.746456900909674
1499,31.795344901681656
1500,31.624363927934958
1501,31.529745503278274
1502,31.632530075057225
1503,31.535189601359786
1504,31.654669407255376
1505,31.579323089807247
1506,31.62530757160242
1507,31.495520273339164
1508,31.485067605022664
1509,31.525789458672374
1510,31.5845494239655
1511,31.632167135185124
1512,31.57707286260022
1513,31.60342229731474
1514,31.917619344592424
1515,32.040256727375294
1516,31.967632458967916
1517,31.95993813367938
1518,31.919034810093617
1519,31.975145314320404
1520,31.970136744085412
1521,32.02523101667032
1522,32.058440014967545
1523,32.03804279415547
1524,32.15313102759865
1525,32.190913068284345
1526,32.10718283979068
1527,32.1533124975347
1528,32.151098564314886
1529,32.19334476542742
1530,32.10322679518478
1531,32.04319654033931
1532,32.06758609974448
1533,32.01721004549689
1534,32.043995008057934
1535,32.02577542647847
1536,32.03150987645766
1537,32.01855292302366
1538,32.00447085598615
1539,32.027735301787814
1540,32.0273360679285
1541,32.021637911936516
1542,32.021420148013256
1543,32.036591034667076
1544,32.06758609974448
1545,32.012637003108416
1546,32.02250896762956
1547,32.04809622861267
1548,32.04972945803712
1549,32.04900357829292
1550,32.05796819313381
1551,32.019169920806235
1552,32.014451702468925
1553,31.996086944940622
1554,31.873703620068223
1555,31.72235769340218
1556,31.750340357541152
1557,31.729689078818616
1558,31.65681075250077
1559,31.674994040093022
1560,31.689584222951478
1561,31.685700766319997
1562,31.66515836955909
1563,31.701198298858703
1564,31.689656810925896
1565,31.680075198302436
1566,31.689076107130536
1567,31.679930022353595
1568,31.662291144569494
1569,31.588142528699294
1570,31.514356852701198
1571,31.562264915818506
1572,31.57729062652348
1573,31.574641165457145
1574,31.565894314539516
1575,31.614491963413816
1576,31.584186484093397
1577,31.577653566395583
1578,31.578524622088626
1579,31.561974563920828
1580,31.569596301234945
1581,31.561938269933616
1582,31.55457059052997
1583,31.570394768953566
1584,31.57271758413501
1585,31.565204728782525
1586,31.544589744047197
1587,31.533447489973703
1588,31.509493458415047
1589,31.526624220378206
1590,31.52462805108165
1591,31.55515129432533
1592,31.55079601586012
1593,31.558454047161447
1594,31.538310884259854
1595,31.522922233682777
1596,31.53119726276668
1597,31.539036764004056
1598,31.494286277774023
1599,31.54150475513434
1600,31.424855880241136
1601,31.483543257559838
1602,31.442168112140344
1603,31.521071240335065
1604,31.508114286901066
1605,31.526515338416576
1606,31.452983720328948
1607,31.460750633591907
1608,31.465359969967587
1609,31.51925654097456
1610,31.458972228218613
1611,31.5071706432336
1612,31.5374035345796
1613,31.61721401245457
1614,31.580920025244488
1615,31.515627142253553
1616,31.556240113941634
1617,31.521688238117633
1618,31.502887952742814
1619,31.473816468987536
1620,31.428194927064464
1621,31.45381848203478
1622,31.46354527060708
1623,31.438611301393756
1624,31.426198757767906
1625,31.415709795464196
1626,31.449245439646308
1627,31.460859515553537
1628,31.47094924399794
1629,31.4798049768772
1630,31.44989873141609
1631,31.42743275333305
1632,31.433022027363403
1633,31.443583577641537
1634,31.460423987707017
1635,31.451132726981236
1636,31.460714339604696
1637,31.473852762974747
1638,31.48495872306103
1639,31.473852762974747
1640,31.48837035785878
1641,31.491818286643735
1642,31.475413404424778
1643,31.474506054744527
1644,31.486591952485487
1645,31.485829778754074
1646,31.486083836664545
1647,31.479042803145788
1648,31.438357243483285
1649,31.46238386301636
1650,31.46310974276056
1651,31.434909314698327
1652,31.43066291819475
1653,31.437885421649554
1654,31.46630361363505
1655,31.451604548814966
1656,31.450297965275404
1657,31.4563953551267
1658,31.45356442412431
1659,31.443256931756647
1660,31.44830179597885
1661,31.468444958880443
1662,31.45824634847441
1663,31.45839152442325
1664,31.46263792092683
1665,31.47004189431769
1666,31.482018910097015
1667,31.47113071393399
1668,31.47025965824095
1669,31.467537609200193
1670,31.458935934231402
1671,31.439300887150747
1672,31.451858606725438
1673,31.460968397515167
1674,31.455742063356915
1675,31.456177591203435
1676,31.44862844186374
1677,31.460569163655858
1678,31.461295043400057
1679,31.479260567069048
1680,31.47084036203631
1681,31.47552228638641
1682,31.4812567363656
1683,31.446922624464865
1684,31.45265707444406
1685,31.44616045073345
1686,31.4312073280029
1687,31.439192005189117
1688,31.441623702332194
1689,31.438284655508866
1690,31.4801679167493
1691,31.500928077433468
1692,31.479006509158577
1693,31.472038063614242
1694,31.499222260034593
1695,31.48800741798668
1696,31.477155515810864
1697,31.470912950010728
1698,31.47708292783644
1699,31.493378928093772
1700,31.4841239613552
1701,31.481946322122596
1702,31.47432458480848
1703,31.48753559615295
1704,31.48564830881802
1705,31.47603040220735
1706,31.479369449030678
1707,31.473707587025906
1708,31.481075266429553
1709,31.47922427308184
1710,31.4848498410994
1711,31.481982616109804
1712,31.490729467027435
1713,31.479115391120207
1714,31.47388905696196
1715,31.476139284168983
1716,31.47639334207945
1717,31.479115391120207
1718,31.472074357601453
1719,31.46993301235606
1720,31.46260162693962
1721,31.455379123484814
1722,31.458935934231402
1723,31.463037154786143
1724,31.46234756902915
1725,31.47603040220735
1726,31.48553942685639
1727,31.491564228733267
1728,31.481619676237703
1729,31.481583382250495
1730,31.48386990344473
1731,31.487680772101786
1732,31.48960435342392
1733,31.47955091896673
1734,31.481728558199336
1735,31.469824130394425
1736,31.476102990181772
1737,31.472909119307282
1738,31.48829776988436
1739,31.49334263410656
1740,31.52350293747814
1741,31.517296665665214
1742,31.50629958754056
1743,31.513885030867467
1744,31.524845815004912
1745,31.52386587735024
1746,31.50651735146382
1747,31.499149672060174
1748,31.499948139778795
1749,31.498133440418293
1750,31.486555658498276
1751,31.480966384467923
1752,31.48778965406342
1753,31.489531765449502
1754,31.48434172527846
1755,31.486156424638963
1756,31.49345151606819
1757,31.495846919224057
1758,31.487825948050627
1759,31.48459578318893
1760,31.48898735564135
1761,31.485575720843602
1762,31.485757190779655
1763,31.479260567069048
1764,31.481837440160962
1765,31.468082019008342
1766,31.47479640664221
1767,31.455633181395285
1768,31.421117599558496
1769,31.428049751115623
1770,31.42808604510283
1771,31.42264194702132
1772,31.405583773032582
1773,31.384932494310043
1774,31.390158828468298
1775,31.39222758573927
1776,31.403696485697658
1777,31.411136753075724
1778,31.418105198620058
1779,31.40551118505816
1780,31.412080396743185
1781,31.412080396743185
1782,31.398361269577773
1783,31.399450089194076
1784,31.44910026369747
1785,31.433493849197134
1786,31.500383667625318
1787,31.517587017562896
1788,31.557800755391668
1789,31.579141619871194
1790,31.542847632661115
1791,31.530144737137586
1792,31.51461091061167
1793,31.505065591975416
1794,31.518095133383838
1795,31.52284964570836
1796,31.508803872658056
1797,31.491346464810007
1798,31.49704462080199
1799,31.481365618327235
1800,31.48477725312498
1801,31.45000761337772
1802,31.4563953551267
1803,31.474651230693368
1804,31.450552023185875
1805,31.45781082062789
1806,31.50651735146382
1807,31.47933315504347
1808,31.456758294998796
1809,31.441006704549622
1810,31.43574407640416
1811,31.432150971670364
1812,31.44144223239614
1813,31.43146138591337
1814,31.430626624207537
1815,31.437486187790245
1816,31.430082214399388
1817,31.447285564336966
1818,31.441369644421723
1819,31.44917285167189
1820,31.474288290821267
1821,31.494794393594965
1822,31.450951257045183
1823,31.44510792510436
1824,31.43519966659601
1825,31.412806276487387
1826,31.403079487915086
1827,31.407434766380295
1828,31.39977673507897
1829,31.39211870377764
1830,31.2339495075161
1831,31.23295435903802
1832,31.23295435903802
1833,31.23295435903802
1834,31.23295435903802
1835,31.23295435903802
1836,31.23295435903802
1837,31.23295435903802
1838,31.23295435903802
1839,31.23295435903802
1840,31.23295435903802
1841,31.23295435903802
1842,31.23295435903802
1843,31.23295435903802
1844,31.23295435903802
1845,31.23295435903802
1846,31.23295435903802
1847,31.23295435903802
1848,31.23295435903802
1849,31.23295435903802
1850,31.23295435903802
1851,31.23295435903802
1852,31.23295435903802
1853,31.23295435903802
1854,31.23295435903802
1855,31.23295435903802
1856,31.23295435903802
1857,31.23295435903802
1858,31.23295435903802
1859,31.23295435903802
1860,31.23295435903802
1861,31.23295435903802
1862,31.23295435903802
1863,31.23295435903802
1864,31.23295435903802
1865,31.23295435903802
1866,31.23295435903802
1867,31.23295435903802
1868,31.23295435903802
1869,31.23295435903802
1870,31.23295435903802
1871,31.23295435903802
1872,31.23295435903802
1873,31.23295435903802
1874,31.23295435903802
1875,31.23295435903802
1876,31.23295435903802
1877,31.23295435903802
1878,31.23295435903802
1879,31.23295435903802
1880,31.23295435903802
1881,31.23295435903802
1882,31.23295435903802
1883,31.23295435903802
1884,31.23295435903802
1885,31.23295435903802
1886,31.23295435903802
1887,31.23295435903802
1888,31.23295435903802
1889,31.23295435903802
1890,31.23295435903802
1891,31.23295435903802
1892,31.23295435903802
1893,31.23295435903802
1894,31.23295435903802
1895,31.23295435903802
1896,31.23295435903802
1897,31.23295435903802
1898,31.23295435903802
1899,31.23295435903802
1900,31.23295435903802
1901,31.23295435903802
1902,31.23295435903802
1903,31.23295435903802
1904,31.23295435903802
1905,31.23295435903802
1906,31.23295435903802
1907,31.26340837351725
1908,31.268443058630794
1909,31.301574534861842
1910,31.309816801620304
1911,31.3318232478424
1912,31.305878378587938
1913,31.318343284473883
1914,31.275710870205987
1915,31.249075761863377
1916,31.237179288167667
1917,31.268118240236372
1918,31.290084084159165
1919,31.253745026283195
1920,31.248020102081504
1921,31.18849200783629
1922,31.18849200783629
1923,31.18849200783629
1924,31.18849200783629
1925,31.18849200783629
1926,31.18849200783629
1927,31.18849200783629
1928,31.18849200783629
1929,31.18849200783629
1930,31.18849200783629
1931,31.18849200783629
1932,31.18849200783629
1933,31.18849200783629
1934,31.18849200783629
1935,31.18849200783629
1936,31.18849200783629
1937,31.18849200783629
1938,31.18849200783629
1939,31.18849200783629
1940,31.18849200783629
1941,31.18849200783629
1942,31.18849200783629
1943,31.18849200783629
1944,31.18849200783629
1945,31.18849200783629
1946,31.18849200783629
1947,31.18849200783629
1948,31.18849200783629
1949,31.18849200783629
1950,31.18849200783629
1951,31.18849200783629
1952,31.18849200783629
1953,31.18849200783629
1954,31.18849200783629
1955,31.18849200783629
1956,31.18849200783629
1957,31.18849200783629
1958,31.18849200783629
1959,31.18849200783629
1960,31.18849200783629
1961,31.18849200783629
1962,31.18849200783629
1963,31.18849200783629
1964,31.18849200783629
1965,31.18849200783629
1966,31.18849200783629
1967,31.18849200783629
1968,31.18849200783629
1969,31.18849200783629
1970,31.18849200783629
1971,31.18849200783629
1972,31.18849200783629
1973,31.18849200783629
1974,31.18849200783629
1975,31.18849200783629
1976,31.18849200783629
1977,31.18849200783629
1978,31.18849200783629
1979,31.18849200783629
1980,31.18849200783629
1981,31.18849200783629
1982,31.18849200783629
1983,31.18849200783629
1984,31.18849200783629
1985,31.18849200783629
1986,31.18849200783629
1987,31.18849200783629
1988,31.18849200783629
1989,31.18849200783629
1990,31.18849200783629
1991,31.18849200783629
1992,31.18849200783629
1993,31.18849200783629
1994,31.18849200783629
1995,31.18849200783629
1996,31.18849200783629
1997,31.18849200783629
1998,31.18849200783629
1999,31.18849200783629
2000,31.18849200783629
2001,31.18849200783629
2002,31.18849200783629
2003,31.18849200783629
2004,31.18849200783629
2005,31.18849200783629
2006,31.18849200783629
2007,31.18849200783629
2008,31.18849200783629
2009,31.18849200783629
2010,31.18849200783629
2011,31.18849200783629
2012,31.18849200783629
2013,31.18849200783629
2014,31.18849200783629
2015,31.17881538402978
2016,31.131068088414892
2017,31.131068088414892
2018,31.131068088414892
2019,31.131068088414892
2020,31.131068088414892
2021,31.131068088414892
2022,31.131068088414892
2023,31.131068088414892
2024,31.131068088414892
2025,31.131068088414892
2026,31.131068088414892
2027,31.131068088414892
2028,31.131068088414892
2029,31.131068088414892
2030,31.131068088414892
2031,31.131068088414892
2032,31.131068088414892
2033,31.131068088414892
2034,31.131068088414892
2035,31.131068088414892
2036,31.131068088414892
2037,31.131068088414892
2038,31.131068088414892
2039,31.131068088414892
2040,31.131068088414892
2041,31.131068088414892
2042,31.131068088414892
2043,31.131068088414892
2044,31.131068088414892
2045,31.131068088414892
2046,31.131068088414892
2047,31.131068088414892
2048,31.131068088414892
2049,31.131068088414892
2050,31.131068088414892
2051,31.131068088414892
2052,31.131068088414892
2053,31.131068088414892
2054,31.131068088414892
2055,31.131068088414892
2056,31.131068088414892
2057,31.131068088414892
2058,31.131068088414892
2059,31.131068088414892
2060,31.131068088414892
2061,31.131068088414892
2062,31.131068088414892
2063,31.131068088414892
2064,31.131068088414892
2065,31.131068088414892
2066,31.131068088414892
2067,31.131068088414892
2068,31.131068088414892
2069,31.131068088414892
2070,31.131068088414892
2071,31.131068088414892
2072,31.131068088414892
2073,31.131068088414892
2074,31.131068088414892
2075,31.131068088414892
2076,31.131068088414892
2077,31.131068088414892
2078,31.131068088414892
2079,31.131068088414892
2080,31.131068088414892
2081,31.131068088414892
2082,31.131068088414892
2083,31.131068088414892
2084,31.131068088414892
2085,31.131068088414892
2086,31.131068088414892
2087,31.131068088414892
2088,31.131068088414892
2089,31.131068088414892
2090,31.131068088414892
2091,31.131068088414892
2092,31.131068088414892
2093,31.131068088414892
2094,31.131068088414892
2095,31.131068088414892
2096,31.131068088414892
2097,31.131068088414892
2098,31.131068088414892
2099,31.131068088414892
2100,31.131068088414892
2101,31.131068088414892
2102,31.131068088414892
2103,31.131068088414892
2104,31.131068088414892
2105,31.131068088414892
2106,31.131068088414892
2107,31.131068088414892
2108,31.131068088414892
2109,31.131068088414892
2110,31.131068088414892
2111,31.131068088414892
2112,31.131068088414892
2113,31.131068088414892
2114,31.131068088414892
2115,31.131068088414892
2116,31.131068088414892
2117,31.131068088414892
2118,31.131068088414892
2119,31.131068088414892
2120,31.131068088414892
2121,31.131068088414892
2122,31.131068088414892
2123,31.131068088414892
2124,31.131068088414892
2125,31.131068088414892
2126,31.131068088414892
2127,31.131068088414892
2128,31.131068088414892
2129,31.131068088414892
2130,31.131068088414892
2131,31.131068088414892
2132,31.131068088414892
2133,31.131068088414892
2134,31.131068088414892
2135,31.131068088414892
2136,31.131068088414892
2137,31.131068088414892
2138,31.131068088414892
2139,31.131068088414892
2140,31.131068088414892
2141,31.131068088414892
2142,31.131068088414892
2143,31.131068088414892
2144,31.09587460999728
2145,31.102117677035935
2146,31.102117677035935
2147,31.102117677035935
2148,31.102117677035935
2149,31.102117677035935
2150,31.102117677035935
2151,31.102117677035935
2152,31.102117677035935
2153,31.102117677035935
2154,31.102117677035935
2155,31.102117677035935
2156,31.102117677035935
2157,31.102117677035935
2158,31.102117677035935
2159,31.102117677035935
2160,31.102117677035935
2161,31.102117677035935
2162,31.102117677035935
2163,31.102117677035935
2164,31.102117677035935
2165,31.102117677035935
2166,31.102117677035935
2167,31.102117677035935
2168,31.102117677035935
2169,31.102117677035935
2170,31.102117677035935
2171,31.102117677035935
2172,31.102117677035935
2173,31.102117677035935
2174,31.102117677035935
2175,31.102117677035935
2176,31.102117677035935
2177,31.102117677035935
2178,31.102117677035935
2179,31.102117677035935
2180,31.102117677035935
2181,31.0418742053974
2182,31.02319980863793
2183,31.02319980863793
2184,31.02319980863793
2185,31.02319980863793
2186,31.02319980863793
2187,31.02319980863793
2188,31.02319980863793
2189,31.02319980863793
2190,31.02319980863793
2191,31.02319980863793
2192,31.02319980863793
2193,31.02319980863793
2194,31.02319980863793
2195,31.02319980863793
2196,31.02319980863793
2197,31.02319980863793
2198,31.02319980863793
2199,31.02319980863793
2200,31.02319980863793
2201,31.02319980863793
2202,31.02319980863793
2203,31.02319980863793
2204,31.02319980863793
2205,31.02319980863793
2206,31.02319980863793
2207,31.02319980863793
2208,31.02319980863793
2209,31.02319980863793
2210,31.02319980863793
2211,31.02319980863793
2212,31.02319980863793
2213,31.02319980863793
2214,31.02319980863793
2215,31.02319980863793
2216,31.02319980863793
2217,31.02319980863793
2218,31.02319980863793
2219,31.02319980863793
2220,31.02319980863793
2221,31.02319980863793
2222,31.02319980863793
2223,31.02319980863793
2224,31.02319980863793
2225,31.02319980863793
2226,31.02319980863793
2227,31.02319980863793
2228,31.02319980863793
2229,31.02319980863793
2230,31.02319980863793
2231,31.02319980863793
2232,31.02319980863793
2233,31.02319980863793
2234,31.02319980863793
2235,31.02319980863793
2236,31.02319980863793
2237,31.02319980863793
2238,31.02319980863793
2239,31.02319980863793
2240,31.02319980863793
2241,31.02319980863793
2242,31.02319980863793
2243,31.02319980863793
2244,31.02319980863793
2245,31.02319980863793
2246,31.02319980863793
2247,31.02319980863793
2248,31.02319980863793
2249,31.02319980863793
2250,31.02319980863793
2251,31.02319980863793
2252,31.02319980863793
2253,31.02319980863793
2254,31.02319980863793
2255,31.02319980863793
2256,31.02319980863793
2257,31.02319980863793
2258,31.02319980863793
2259,31.02319980863793
2260,31.02319980863793
2261,31.02319980863793
2262,31.02319980863793
2263,31.02319980863793
2264,31.02319980863793
2265,31.02319980863793
2266,31.02319980863793
2267,31.02319980863793
2268,31.02319980863793
2269,31.02319980863793
2270,31.02319980863793
2271,31.02319980863793
2272,31.02319980863793
2273,31.02319980863793
2274,31.02319980863793
2275,30.9516934817589
2276,30.982089992696267
2277,30.982089992696267
2278,30.982089992696267
2279,30.982089992696267
2280,30.982089992696267
2281,30.982089992696267
2282,30.982089992696267
2283,30.982089992696267
2284,30.982089992696267
2285,30.982089992696267
2286,30.982089992696267
2287,30.982089992696267
2288,30.982089992696267
2289,30.982089992696267
2290,30.982089992696267
2291,30.982089992696267
2292,30.982089992696267
2293,30.982089992696267
2294,30.982089992696267
2295,30.982089992696267
2296,30.982089992696267
2297,30.982089992696267
2298,30.982089992696267
2299,30.982089992696267
2300,30.982089992696267
2301,30.982089992696267
2302,30.982089992696267
2303,30.982089992696267
2304,30.982089992696267
2305,30.982089992696267
2306,30.982089992696267
2307,30.982089992696267
2308,30.982089992696267
2309,30.982089992696267
2310,30.982089992696267
2311,30.982089992696267
2312,30.982089992696267
2313,30.982089992696267
2314,30.982089992696267
2315,30.982089992696267
2316,30.982089992696267
2317,30.982089992696267
2318,30.982089992696267
2319,30.982089992696267
2320,30.982089992696267
2321,30.982089992696267
2322,30.982089992696267
2323,30.982089992696267
2324,30.982089992696267
2325,30.982089992696267
2326,30.982089992696267
2327,30.982089992696267
2328,30.982089992696267
2329,30.982089992696267
2330,30.982089992696267
2331,30.982089992696267
2332,30.982089992696267
2333,30.982089992696267
2334,30.982089992696267
2335,30.982089992696267
2336,30.982089992696267
2337,30.982089992696267
2338,30.982089992696267
2339,30.982089992696267
2340,30.982089992696267
2341,30.982089992696267
2342,30.982089992696267
2343,30.982089992696267
2344,30.982089992696267
2345,30.96693204639236
2346,30.959274526310843
2347,30.959274526310843
2348,30.959274526310843
2349,30.959274526310843
2350,30.959274526310843
2351,30.959274526310843
2352,30.959274526310843
2353,30.921305563133078
2354,30.930187241985358
2355,30.930187241985358
2356,30.930187241985358
2357,30.930187241985358
2358,30.930187241985358
2359,30.930187241985358
2360,30.930187241985358
2361,30.930187241985358
2362,30.930187241985358
2363,30.930187241985358
2364,30.930187241985358
2365,30.930187241985358
2366,30.930187241985358
2367,30.930187241985358
2368,30.930187241985358
2369,30.930187241985358
2370,30.930187241985358
2371,30.930187241985358
2372,30.930187241985358
2373,30.930187241985358
2374,30.930187241985358
2375,30.930187241985358
2376,30.930187241985358
2377,30.930187241985358
2378,30.930187241985358
2379,30.930187241985358
2380,30.930187241985358
2381,30.930187241985358
2382,30.930187241985358
2383,30.930187241985358
2384,30.930187241985358
2385,30.930187241985358
2386,30.930187241985358
2387,30.930187241985358
2388,30.930187241985358
2389,30.930187241985358
2390,30.930187241985358
2391,30.930187241985358
2392,30.930187241985358
2393,30.930187241985358
2394,30.930187241985358
2395,30.930187241985358
2396,30.930187241985358
2397,30.930187241985358
2398,30.930187241985358
2399,30.930187241985358
2400,30.930187241985358
2401,30.930187241985358
2402,30.930187241985358
2403,30.930187241985358
2404,30.930187241985358
2405,30.930187241985358
2406,30.930187241985358
2407,30.930187241985358
2408,30.930187241985358
2409,30.930187241985358
2410,30.930187241985358
2411,30.930187241985358
2412,30.930187241985358
2413,30.930187241985358
2414,30.930187241985358
2415,30.930187241985358
2416,30.930187241985358
2417,30.930187241985358
2418,30.930187241985358
2419,30.930187241985358
2420,30.930187241985358
2421,30.930187241985358
2422,30.930187241985358
2423,30.930187241985358
2424,30.930187241985358
2425,30.930187241985358
2426,30.930187241985358
2427,30.930187241985358
2428,30.930187241985358
2429,30.930187241985358
2430,30.930187241985358
2431,30.930187241985358
2432,30.930187241985358
2433,30.930187241985358
2434,30.930187241985358
2435,30.930187241985358
2436,30.930187241985358
2437,30.930187241985358
2438,30.930187241985358
2439,30.930187241985358
2440,30.930187241985358
2441,30.930187241985358
2442,30.930187241985358
2443,30.930187241985358
2444,30.930187241985358
2445,30.930187241985358
2446,30.930187241985358
2447,30.930187241985358
2448,30.930187241985358
2449,30.930187241985358
2450,30.930187241985358
2451,30.930187241985358
2452,30.930187241985358
2453,30.930187241985358
2454,30.930187241985358
2455,30.930187241985358
2456,30.930187241985358
2457,30.930187241985358
2458,30.930187241985358
2459,30.930187241985358
2460,30.930187241985358
2461,30.930187241985358
2462,30.930187241985358
2463,30.930187241985358
2464,30.930187241985358
2465,30.930187241985358
2466,30.930187241985358
2467,30.930187241985358
2468,30.930187241985358
2469,30.930187241985358
2470,30.930187241985358
2471,30.930187241985358
2472,30.930187241985358
2473,30.930187241985358
2474,30.930187241985358
2475,30.930187241985358
2476,30.930187241985358
2477,30.930187241985358
2478,30.930187241985358
2479,30.930187241985358
2480,30.930187241985358
2481,30.930187241985358
2482,30.930187241985358
2483,30.930187241985358
2484,30.930187241985358
2485,30.930187241985358
2486,30.930187241985358
2487,30.930187241985358
2488,30.930187241985358
2489,30.930187241985358
2490,30.930187241985358
2491,30.930187241985358
2492,30.930187241985358
2493,30.930187241985358
2494,30.930187241985358
2495,30.930187241985358
2496,30.930187241985358
2497,30.930187241985358
2498,30.930187241985358
2499,30.930187241985358
2500,30.930187241985358
2501,30.930187241985358
2502,30.930187241985358
2503,30.930187241985358
2504,30.930187241985358
2505,30.930187241985358
2506,30.930187241985358
2507,30.930187241985358
2508,30.930187241985358
2509,30.930187241985358
2510,30.930187241985358
2511,30.930187241985358
2512,30.930187241985358
2513,30.930187241985358
2514,30.930187241985358
2515,30.930187241985358
2516,30.930187241985358
2517,30.930187241985358
2518,30.930187241985358
2519,30.930187241985358
2520,30.930187241985358
2521,30.930187241985358
2522,30.930187241985358
2523,30.930187241985358
2524,30.930187241985358
2525,30.930187241985358
2526,30.930187241985358
2527,30.930187241985358
2528,30.930187241985358
2529,30.930187241985358
2530,30.930187241985358
2531,30.930187241985358
2532,30.930187241985358
2533,30.930187241985358
2534,30.930187241985358
2535,30.930187241985358
2536,30.930187241985358
2537,30.930187241985358
2538,30.930187241985358
2539,30.930187241985358
2540,30.930187241985358
2541,30.930187241985358
2542,30.930187241985358
2543,30.930187241985358
2544,30.930187241985358
2545,30.930187241985358
2546,30.930187241985358
2547,30.930187241985358
2548,30.930187241985358
2549,30.930187241985358
2550,30.930187241985358
2551,30.930187241985358
2552,30.930187241985358
2553,30.930187241985358
2554,30.930187241985358
2555,30.930187241985358
2556,30.930187241985358
2557,30.930187241985358
2558,30.930187241985358
2559,30.930187241985358
2560,30.930187241985358
2561,30.930187241985358
2562,30.930187241985358
2563,30.930187241985358
2564,30.930187241985358
2565,30.930187241985358
2566,30.930187241985358
2567,30.930187241985358
2568,30.930187241985358
2569,30.930187241985358
2570,30.930187241985358
2571,30.930187241985358
2572,30.930187241985358
2573,30.930187241985358
2574,30.930187241985358
2575,30.930187241985358
2576,30.930187241985358
2577,30.930187241985358
2578,30.930187241985358
2579,30.930187241985358
2580,30.930187241985358
2581,30.930187241985358
2582,30.930187241985358
2583,30.930187241985358
2584,30.930187241985358
2585,30.930187241985358
2586,30.930187241985358
2587,30.930187241985358
2588,30.930187241985358
2589,30.930187241985358
2590,30.930187241985358
2591,30.930187241985358
2592,30.930187241985358
2593,30.930187241985358
2594,30.930187241985358
2595,30.930187241985358
2596,30.930187241985358
2597,30.930187241985358
2598,30.930187241985358
2599,30.930187241985358
2600,30.930187241985358
2601,30.930187241985358
2602,30.930187241985358
2603,30.930187241985358
2604,30.930187241985358
2605,30.930187241985358
2606,30.930187241985358
2607,30.930187241985358
2608,30.930187241985358
2609,30.930187241985358
2610,30.930187241985358
2611,30.930187241985358
2612,30.930187241985358
2613,30.930187241985358
2614,30.930187241985358
2615,30.930187241985358
2616,30.930187241985358
2617,30.930187241985358
2618,30.930187241985358
2619,30.930187241985358
2620,30.930187241985358
2621,30.930187241985358
2622,30.930187241985358
2623,30.930187241985358
2624,30.930187241985358
2625,30.930187241985358
2626,30.930187241985358
2627,30.930187241985358
2628,30.930187241985358
2629,30.930187241985358
2630,30.930187241985358
2631,30.930187241985358
2632,30.930187241985358
2633,30.930187241985358
2634,30.930187241985358
2635,30.930187241985358
2636,30.930187241985358
2637,30.930187241985358
2638,30.930187241985358
2639,30.930187241985358
2640,30.930187241985358
2641,30.930187241985358
2642,30.930187241985358
2643,30.930187241985358
2644,30.930187241985358
2645,30.930187241985358
2646,30.930187241985358
2647,30.930187241985358
2648,30.930187241985358
2649,30.930187241985358
2650,30.930187241985358
2651,30.930187241985358
2652,30.930187241985358
2653,30.930187241985358
2654,30.930187241985358
2655,30.930187241985358
2656,30.930187241985358
2657,30.930187241985358
2658,30.930187241985358
2659,30.930187241985358
2660,30.930187241985358
2661,30.930187241985358
2662,30.930187241985358
2663,30.930187241985358
2664,30.930187241985358
2665,30.930187241985358
2666,30.930187241985358
2667,30.930187241985358
2668,30.930187241985358
2669,30.930187241985358
2670,30.930187241985358
2671,30.930187241985358
2672,30.930187241985358
2673,30.930187241985358
2674,30.930187241985358
2675,30.930187241985358
2676,30.930187241985358
2677,30.930187241985358
2678,30.930187241985358
2679,30.930187241985358
2680,30.930187241985358
2681,30.930187241985358
2682,30.930187241985358
2683,30.930187241985358
2684,30.930187241985358
2685,30.930187241985358
2686,30.930187241985358
2687,30.930187241985358
2688,30.930187241985358
2689,30.930187241985358
2690,30.930187241985358
2691,30.930187241985358
2692,30.930187241985358
2693,30.930187241985358
2694,30.930187241985358
2695,30.930187241985358
2696,30.930187241985358
2697,30.930187241985358
2698,30.930187241985358
2699,30.930187241985358
2700,30.930187241985358
2701,30.930187241985358
2702,30.930187241985358
2703,30.930187241985358
2704,30.930187241985358
2705,30.930187241985358
2706,30.930187241985358
2707,30.930187241985358
2708,30.930187241985358
2709,30.930187241985358
2710,30.930187241985358
2711,30.930187241985358
2712,30.930187241985358
2713,30.930187241985358
2714,30.930187241985358
2715,30.930187241985358
2716,30.930187241985358
2717,30.930187241985358
2718,30.930187241985358
2719,30.930187241985358
2720,30.930187241985358
2721,30.930187241985358
2722,30.930187241985358
2723,30.930187241985358
2724,30.930187241985358
2725,30.930187241985358
2726,30.930187241985358
2727,30.930187241985358
2728,30.930187241985358
2729,30.930187241985358
2730,30.930187241985358
2731,30.930187241985358
2732,30.930187241985358
2733,30.930187241985358
2734,30.930187241985358
2735,30.930187241985358
2736,30.930187241985358
2737,30.930187241985358
2738,30.930187241985358
2739,30.930187241985358
2740,30.930187241985358
2741,30.930187241985358
2742,30.930187241985358
2743,30.930187241985358
2744,30.930187241985358
2745,30.930187241985358
2746,30.930187241985358
2747,30.930187241985358
2748,30.930187241985358
2749,30.930187241985358
2750,30.930187241985358
2751,30.930187241985358
2752,30.930187241985358
2753,30.930187241985358
2754,30.930187241985358
2755,30.930187241985358
2756,30.930187241985358
2757,30.930187241985358
2758,30.930187241985358
2759,30.930187241985358
2760,30.930187241985358
2761,30.930187241985358
2762,30.930187241985358
2763,30.930187241985358
2764,30.930187241985358
2765,30.930187241985358
2766,30.930187241985358
2767,30.930187241985358
2768,30.930187241985358
2769,30.930187241985358
2770,30.930187241985358
2771,30.930187241985358
2772,30.930187241985358
2773,30.930187241985358
2774,30.930187241985358
2775,30.930187241985358
2776,30.930187241985358
2777,30.930187241985358
2778,30.930187241985358
2779,30.930187241985358
2780,30.930187241985358
2781,30.930187241985358
2782,30.930187241985358
2783,30.930187241985358
2784,30.930187241985358
2785,30.930187241985358
2786,30.930187241985358
2787,30.930187241985358
2788,30.930187241985358
2789,30.930187241985358
2790,30.930187241985358
2791,30.930187241985358
2792,30.930187241985358
2793,30.930187241985358
2794,30.930187241985358
2795,30.930187241985358
2796,30.930187241985358
2797,30.930187241985358
2798,30.930187241985358
2799,30.930187241985358
2800,30.930187241985358
2801,30.930187241985358
2802,30.930187241985358
2803,30.930187241985358
2804,30.930187241985358
2805,30.930187241985358
2806,30.930187241985358
2807,30.930187241985358
2808,30.930187241985358
2809,30.930187241985358
2810,30.930187241985358
2811,30.930187241985358
2812,30.930187241985358
2813,30.930187241985358
2814,30.930187241985358
2815,30.930187241985358
2816,30.930187241985358
2817,30.930187241985358
2818,30.930187241985358
2819,30.930187241985358
2820,30.930187241985358
2821,30.930187241985358
2822,30.930187241985358
2823,30.930187241985358
2824,30.930187241985358
2825,30.930187241985358
2826,30.930187241985358
2827,30.930187241985358
2828,30.930187241985358
2829,30.930187241985358
2830,30.930187241985358
2831,30.930187241985358
2832,30.930187241985358
2833,30.930187241985358
2834,30.930187241985358
2835,30.930187241985358
2836,30.930187241985358
2837,30.930187241985358
2838,30.930187241985358
2839,30.930187241985358
2840,30.930187241985358
2841,30.930187241985358
2842,30.930187241985358
2843,30.930187241985358
2844,30.930187241985358
2845,30.930187241985358
2846,30.930187241985358
2847,30.930187241985358
2848,30.930187241985358
2849,30.930187241985358
2850,30.930187241985358
2851,30.930187241985358
2852,30.930187241985358
2853,30.930187241985358
2854,30.930187241985358
2855,30.930187241985358
2856,30.930187241985358
2857,30.930187241985358
2858,30.930187241985358
2859,30.930187241985358
2860,30.930187241985358
