timestamp,event_type,side,price,quantity,trend_strength,volume_ratio,capital_used,stop_loss,take_profit,fee,capital_after,rsi,adx,ema_fast,ema_slow,exit_reason,gross_pnl,net_pnl,funding_cost
56,ENTRY,short,4510.613565000001,0.004985740781365295,STRONG,1.837780403352308,7.5,4513.714279285715,4448.599279285714,0.008995500000000002,29.9910045,28.30857902904073,36.49922135558249,4520.6198626170035,4520.739164224875,,,,
2025-10-04 00:05:00,EXIT,short,4511.4574221460725,,,,,,,,29.977800064111985,,,,,STOP_LOSS,-0.004207252986817545,-0.013204435888012272,-0.0
119,ENTRY,long,4507.51263,0.0023954240206070935,WEAK,1.1971893840796621,3.597336007693438,4504.4140585714285,4569.48405857143,0.004318961610836742,29.97348110250115,70.40316942437693,35.2703879072077,4491.61672861141,4490.865202427756,,,,
2025-10-04 05:15:00,EXIT,long,4502.161851542143,,,,,,,,29.956349884596715,,,,,STOP_LOSS,-0.012817383246897409,-0.017131217904435392,0.0
237,ENTRY,short,4475.4211700000005,0.0050176347497236365,STRONG,3.283706277207561,7.489087471149179,4479.847884285715,4386.886884285716,0.008982411512896327,29.94736747308382,33.767486734201356,33.981127286063135,4492.845992787604,4493.639933154859,,,,
2025-10-04 15:05:00,EXIT,short,4477.607960343572,,,,,,,,29.927408157346573,,,,,STOP_LOSS,-0.010972515218263817,-0.01995931573724745,-0.0
300,ENTRY,long,4479.2384999999995,0.002406492503159429,WEAK,1.3297604491098551,3.5912889788815887,4476.975642857143,4524.495642857141,0.0043117015480452344,29.92309645579853,79.63237474058707,56.00125650057787,4466.428672569278,4465.951539762468,,,,
2025-10-04 20:50:00,EXIT,long,4474.737155035715,,,,,,,,29.90795663432096,,,,,STOP_LOSS,-0.010832452910685643,-0.015139821477566602,0.0
465,ENTRY,short,4530.35369,0.004948786237483117,STRONG,2.37301520405939,7.47698915858024,4538.171261428572,4374.002261428569,0.008967900796801142,29.89898873352416,20.77008928571405,59.21308589437274,4568.874615752227,4571.014424139882,,,,
2025-10-05 10:05:00,EXIT,short,4535.902175797857,,,,,,,,29.86255157926399,,,,,STOP_LOSS,-0.027458270155306296,-0.03643715426016956,-0.0
621,ENTRY,long,4520.889314999999,0.0049565717229443414,STRONG,2.443313777833021,7.465637894815997,4516.6966007142855,4604.743600714283,0.008963244856516084,29.853588334407473,62.92270531401006,46.676576618951906,4508.2307615657855,4507.739286411934,,,,
2025-10-05 23:10:00,EXIT,long,4514.438252413928,,,,,,,,29.812662725215652,,,,,STOP_LOSS,-0.03197515439706472,-0.04092560919182198,0.0
697,ENTRY,short,4508.72451,0.0023792077511045574,WEAK,1.315959242715819,3.577519527025878,4512.178795714286,4439.638795714285,0.004290876920714839,29.808371848294936,23.93309028522374,26.235480200156708,4524.872899873405,4525.503667812042,,,,
2025-10-06 05:25:00,EXIT,short,4509.922706316429,,,,,,,,29.801229073107642,,,,,STOP_LOSS,-0.0028507579633926827,-0.00714277518729288,-0.0
705,ENTRY,long,4541.159445,0.004924314492052183,STRONG,1.455026567927117,7.4503072682769105,4537.236302142857,4619.622302142858,0.00894483890629326,29.79228423420135,61.201731025299814,31.747610222943372,4525.497422005314,4525.4152820701165,,,,
2025-10-06 06:05:00,EXIT,long,4534.9676839917865,,,,,,,,29.752861412902373,,,,,STOP_LOSS,-0.030490178464070303,-0.039422821298977936,0.0
1001,ENTRY,short,4668.554555000001,0.002293145440942701,WEAK,1.3455450316324242,3.5703433695482847,4674.535269285715,4548.9402692857175,0.004282269837436212,29.748579143064937,23.231244064577353,28.086442364052125,4696.178137902699,4696.436038329796,,,,
2025-10-07 06:50:00,EXIT,short,4672.198001651072,,,,,,,,29.735938578169048,,,,,STOP_LOSS,-0.008354953077223311,-0.012640564895890414,-0.0
1044,ENTRY,long,4694.1559050000005,0.002281622207237901,WEAK,1.0175759258731398,3.568312629380286,4689.764333571429,4781.987333571428,0.004284116142833971,29.731654462026214,66.16379310344857,43.67980612787691,4678.884120007144,4678.219092109635,,,,
2025-10-07 10:20:00,EXIT,long,4687.419451404644,,,,,,,,29.712006451779036,,,,,STOP_LOSS,-0.015370042121193172,-0.019648010247178667,0.0
1092,ENTRY,short,4655.661005,0.0022963386187262,WEAK,1.01543415661096,3.565440774213484,4668.660433571428,4395.672433571431,0.004276389664591653,29.707730062114443,20.87175744709114,40.5507036172471,4699.905350125905,4701.610193802948,,,,
2025-10-07 14:20:00,EXIT,short,4666.326103354643,,,,,,,,29.67895319895468,,,,,STOP_LOSS,-0.024490677224280673,-0.028776863159762037,-0.0
1305,ENTRY,long,4469.633699999999,0.002391642376242039,WEAK,1.317703561242623,3.5614743838745615,4464.434271428571,4573.6222714285705,0.004275906145279799,29.6746772928094,66.50696864111545,24.950680542448158,4453.269299852051,4452.649561661581,,,,
2025-10-08 08:05:00,EXIT,long,4462.202054292858,,,,,,,,29.652634657401222,,,,,STOP_LOSS,-0.017773838798417558,-0.02204263540817799,0.0
1378,ENTRY,long,4506.772260000001,0.0023698304096028966,WEAK,1.3472125104739818,3.5583161588881467,4497.127688571429,4699.663688571431,0.004272114380361109,29.648362543020863,62.170302089988404,25.933790648366653,4481.047312136034,4480.686655656281,,,,
2025-10-08 14:10:00,EXIT,long,4494.879124727143,,,,,,,,29.615916988890817,,,,,STOP_LOSS,-0.028184713635139167,-0.03244555413004622,0.0
1508,ENTRY,short,4509.034355,0.0023633439916300424,WEAK,1.740335897728837,3.553910038666898,4513.312355,4423.474355000001,0.0042625597003770775,29.61165442919044,34.363411619283056,20.56337495888589,4520.102559422109,4520.392932374329,,,,
2025-10-09 01:00:00,EXIT,short,4511.0556988225,,,,,,,,29.60261282785983,,,,,STOP_LOSS,-0.0047771307779240135,-0.00904160133061226,-0.0
1665,ENTRY,short,4355.2213,0.005095231014112744,STRONG,2.893488088740576,7.400653206964957,4364.390157142858,4171.844157142856,0.008876343456433771,29.593736484403397,32.40042183824106,39.377264341207606,4378.934565292583,4379.083400548418,,,,
2025-10-09 14:05:00,EXIT,short,4362.207962064286,,,,,,,,29.549247244248996,,,,,STOP_LOSS,-0.035598657235075326,-0.04448924015440313,-0.0
1821,ENTRY,short,4346.32575,0.0024462984955570055,WEAK,1.4823399531072092,3.5459096693098795,4351.2093214285715,4248.654321428572,0.00425296405737027,29.544994280191624,30.950709170060307,24.042464055523606,4368.033087687986,4368.844734283348,,,,
2025-10-10 03:05:00,EXIT,short,4349.033716767857,,,,,,,,29.534114171306015,,,,,STOP_LOSS,-0.006624495030227472,-0.010880108885609833,-0.0
1832,ENTRY,short,4344.956435,0.0024458162285623305,WEAK,3.381905512822084,3.5440937005567217,4351.561149285714,4212.862149285714,0.004250785984447732,29.52986338532157,42.027539413290924,23.762594039025746,4368.2696670022,4368.646229976462,,,,
2025-10-10 04:00:00,EXIT,short,4349.385368711071,,,,,,,,29.51477590844818,,,,,STOP_LOSS,-0.01083235794576496,-0.015087476873390997,-0.0
1927,ENTRY,long,4346.93238,0.0024455480457013373,WEAK,1.0880341482610734,3.541773109013781,4343.218808571429,4421.2038085714275,0.004252252794681945,29.510523655653497,63.174807197943295,32.93071626726825,4336.9560799414685,4336.833646968456,,,,
2025-10-10 11:55:00,EXIT,long,4341.047199167143,,,,,,,,29.491884667371416,,,,,STOP_LOSS,-0.014392492484393038,-0.018638988282081225,0.0
2236,ENTRY,short,3798.4198400000005,0.0027937327594133414,WEAK,1.1223793009107288,3.53902616008457,3806.4285542857147,3638.245554285714,0.004244707976405434,29.48763995939501,26.878493065617832,26.17171238915037,3819.5708317858002,3820.2698489392506,,,,
2025-10-11 13:40:00,EXIT,short,3804.525340008572,,,,,,,,29.466331293177905,,,,,STOP_LOSS,-0.017057135386545064,-0.021308666217105116,-0.0
2399,ENTRY,long,3760.989555,0.005878984246240049,STRONG,2.258704413933444,7.366582823294476,3751.977555,3941.229554999999,0.008844319337647349,29.457486973840258,68.06244260789742,33.37399548577575,3733.9784710600743,3732.472553529015,,,,
2025-10-12 14:45:00,EXIT,long,3939.2589402224994,,,,,,,,30.49552968636733,,,,,TAKE_PROFIT,1.048042907309972,1.0380427125270713,0.0007366582823294476
2771,ENTRY,short,4150.62365,0.0026436753647246943,WEAK,1.0894026684615896,3.6594635623640794,4156.879507142858,4025.506507142858,0.004389160596699478,30.491140525770632,36.09324758842384,27.119948150710407,4162.434336659166,4162.911516279716,,,,
2025-10-13 10:20:00,EXIT,short,4154.801067389287,,,,,,,,30.475703212239527,,,,,STOP_LOSS,-0.011043735440228864,-0.015437313531104432,-0.0
2946,ENTRY,short,4233.2823,0.0053966041953958654,STRONG,2.2902742631712645,7.618925803059882,4239.687728571428,4105.173728571428,0.009138139608190024,30.466565072631337,40.632855241756204,39.0790966313269,4248.594661930027,4248.89096052055,,,,
2025-10-14 00:55:00,EXIT,short,4237.567884707143,,,,,,,,30.434290077571088,,,,,STOP_LOSS,-0.02312760441029359,-0.03227499506024773,-0.0
3234,ENTRY,short,4105.256345000001,0.0026675231302058016,WEAK,1.2639319315640225,3.6521148093085305,4112.314487857144,3964.093487857145,0.0043803465022846525,30.429909731068804,26.388476388476988,38.19987288442802,4115.450221383973,4115.924029651799,,,,
2025-10-15 00:50:00,EXIT,short,4110.258330613216,,,,,,,,30.412181135081383,,,,,STOP_LOSS,-0.01334291232020728,-0.017728595987420014,-0.0
3264,ENTRY,short,4091.243355,0.005572323449184162,STRONG,2.0025713907665366,7.603045283770346,4097.861355,3958.883355,0.009119092513354153,30.403062042568028,40.77345685661965,36.58201526804917,4113.456588675917,4113.615181544114,,,,
2025-10-15 03:25:00,EXIT,short,4095.8124243225,,,,,,,,30.36847243379511,,,,,STOP_LOSS,-0.02546033212671545,-0.03458960877292029,-0.0
3300,ENTRY,short,4090.5437050000005,0.0026713279551986,WEAK,1.1327435106494155,3.644216692055413,4097.335276428572,3954.7122764285705,0.004370873500451263,30.364101560294657,34.71632091976994,27.105689796097717,4105.097758952825,4105.795313991945,,,,
2025-10-15 06:35:00,EXIT,short,4095.2866087903576,,,,,,,,30.347055767369614,,,,,STOP_LOSS,-0.012669851483998334,-0.017045792925043195,-0.0
3309,ENTRY,long,4117.55775,0.002654583908699565,WEAK,1.468755236138387,3.6416466920843535,4109.372464285714,4281.263464285715,0.004372161018516475,30.3426836063511,55.194995601602955,21.47595699463495,4105.2988114414775,4105.140916834152,,,,
2025-10-15 07:05:00,EXIT,long,4107.317778053572,,,,,,,,30.31113945372396,,,,,STOP_LOSS,-0.02718286475452364,-0.031544152627138305,0.0
3583,ENTRY,short,3989.22439,0.005695841018609089,STRONG,3.062678073147868,7.57778486343099,3995.95939,3854.5243899999996,0.009088795165199129,30.302050658558763,40.0651465798043,53.67218579702205,4009.0380003591463,4009.8278524761595,,,,
2025-10-16 05:55:00,EXIT,short,3993.9614103050003,,,,,,,,30.265969756308532,,,,,STOP_LOSS,-0.026981314559205657,-0.03608090225022847,-0.0
3592,ENTRY,long,4027.902945,0.002706419974780998,WEAK,1.357510787101672,3.6319163707570237,4021.2622307142856,4160.7172307142855,0.004360478794730883,30.261609277513802,66.60440791931262,26.95330792707565,4010.481296552866,4009.854807157912,,,,
2025-10-16 06:40:00,EXIT,long,4019.251599598929,,,,,,,,30.233843990386482,,,,,STOP_LOSS,-0.02341417400218831,-0.02776528712731832,0.0
3608,ENTRY,short,4002.2978500000004,0.005662758283043194,STRONG,1.9265315862716774,7.558460997596621,4009.084278571429,3866.5692785714286,0.009065618120517389,30.224778372265966,36.02743081067874,35.46596458151087,4013.235002863983,4013.340706732464,,,,
2025-10-16 09:40:00,EXIT,short,4007.0797364321434,,,,,,,,30.188623255676458,,,,,STOP_LOSS,-0.027078667002189544,-0.036155116589507805,-0.0
3682,ENTRY,short,3991.2533750000002,0.00272156874026007,WEAK,1.270022539497654,3.622634790681175,4001.1426607142857,3793.4676607142865,0.004344988167943002,30.184278267508514,20.00586395621592,23.413344679754072,4036.9961668384954,4038.7820378110086,,,,
2025-10-16 14:30:00,EXIT,short,3999.142089383929,,,,,,,,30.158455013001042,,,,,STOP_LOSS,-0.021469678468140598,-0.025823254507470854,-0.0
3868,ENTRY,short,3905.7161650000003,0.0027783932124975687,WEAK,1.5791117153119119,3.6190146015601248,3910.788307857143,3804.273307857144,0.004340646113111214,30.15411436688793,38.151111111110986,21.115551856824457,3917.1485322444864,3917.169214718,,,,
2025-10-17 07:05:00,EXIT,short,3802.371171203216,,,,,,,,30.437021603297133,,,,,TAKE_PROFIT,0.28713302931058904,0.28290723640920207,-0.0
4087,ENTRY,short,3828.6447200000002,0.0028605028448025795,WEAK,1.118205284495278,3.652442592395656,3831.901005714286,3763.519005714287,0.004380739645319351,30.432640863651812,26.99431958508248,69.8927916652203,3846.241641678696,3847.200984438813,,,,
2025-10-17 23:55:00,EXIT,short,3829.985055211429,,,,,,,,30.42442455770814,,,,,STOP_LOSS,-0.00383403268528097,-0.008216305943674434,-0.0
4105,ENTRY,long,3867.482775,0.0028334371152293797,WEAK,4.5176720219068285,3.6509309469249764,3862.545632142857,3966.2256321428567,0.004383307694878127,30.420041250013263,78.52631578947394,24.523011651105858,3844.492421826378,3844.167768353182,,,,
2025-10-18 01:45:00,EXIT,long,3860.6143593267857,,,,,,,,30.396204502916632,,,,,STOP_LOSS,-0.019461223891308464,-0.023836747096630067,0.0
4158,ENTRY,long,3867.83295,0.0028305526839933746,WEAK,1.088050140821869,3.6475445403499958,3864.2736642857144,3939.0186642857134,0.004379241975144205,30.391825260941488,64.4471278247371,34.06348570845166,3856.458508311485,3856.2225169466205,,,,
2025-10-18 05:50:00,EXIT,long,3862.341527453572,,,,,,,,30.37190847564294,,,,,STOP_LOSS,-0.015543760827733823,-0.019916785298546933,0.0
4217,ENTRY,long,3891.5848199999996,0.005856308387596848,STRONG,1.6643295113651355,7.592977118910735,3887.760677142857,3968.067677142856,0.009116128328964227,30.362792347313974,60.13942997744521,26.531112484679614,3879.661285170652,3879.337021972176,,,,
2025-10-18 10:45:00,EXIT,long,3885.816796804286,,,,,,,,30.319910408093147,,,,,STOP_LOSS,-0.03377932262091187,-0.04288193922082773,0.0
4246,ENTRY,short,3868.6547050000004,0.0028200268555733186,WEAK,1.1984004423694223,3.6383892489711775,3872.793847857143,3785.8718478571436,0.004363884065216031,30.31554652402793,36.13138686131413,27.81140671366307,3878.8095748111305,3878.8470398265786,,,,
2025-10-18 13:10:00,EXIT,short,3870.8574509332147,,,,,,,,30.30496835255397,,,,,STOP_LOSS,-0.006211802687669445,-0.010578171473960543,-0.0
4380,ENTRY,short,3880.968545,0.002809693916912684,WEAK,1.4298709803299736,3.6365962023064764,3883.653545,3827.2685450000004,0.004361733485046389,30.300606619068922,40.07936507936517,21.37615343872898,3887.1366573028713,3887.155531875851,,,,
2025-10-19 00:20:00,EXIT,short,3881.7117182275,,,,,,,,30.29415596105164,,,,,STOP_LOSS,-0.002088089296518941,-0.006450658017283937,-0.0
4420,ENTRY,long,3897.697875,0.005832154776561312,STRONG,2.8618958723832377,7.57353899026291,3894.6635892857144,3958.3835892857137,0.009092790911709649,30.28506317013993,84.29358717434955,29.89172736932286,3877.3528633143524,3876.5559929856186,,,,
2025-10-19 03:40:00,EXIT,long,3892.7162574910717,,,,,,,,30.246928436304266,,,,,STOP_LOSS,-0.029053564349696706,-0.03813473383566648,0.0
4476,ENTRY,long,3931.4247299999997,0.005773107838539697,STRONG,11.142072456520955,7.5617321090760665,3925.1615871428567,4056.687587142857,0.009078615570156724,30.23784982073411,75.26986052152802,30.602728697211635,3891.9081804939806,3890.672528714527,,,,
2025-10-19 08:20:00,EXIT,long,3923.1990063492854,,,,,,,,30.181302210674225,,,,,STOP_LOSS,-0.047487989685600515,-0.056547610059883,0.0
4478,ENTRY,short,3874.0919850000005,0.0058399900563219755,STRONG,5.224006401385788,7.545325552668556,3884.9198421428578,3657.5348421428575,0.009049863467870668,30.172252347206353,44.95925143374598,29.12172814429294,3889.5387599962064,3889.7700428464354,,,,
2025-10-19 09:40:00,EXIT,short,3882.9773822217867,,,,,,,,30.11129109606421,,,,,STOP_LOSS,-0.05189063142170235,-0.0609612511421417,-0.0
4664,ENTRY,short,3980.58871,0.005670562379675527,STRONG,1.9837094255666323,7.527822774016053,3985.5369957142857,3881.6229957142864,0.009028870635154854,30.102262225429055,15.617253346554051,46.8348447201819,3995.169129063256,3995.891565133989,,,,
2025-10-20 03:40:00,EXIT,short,3983.5442272164287,,,,,,,,30.07646720627604,,,,,STOP_LOSS,-0.016759444739963852,-0.025795019153014694,-0.0
4710,ENTRY,long,3997.33767,0.005645915092259239,STRONG,2.401937711473917,7.51911680156901,3991.170527142857,4120.680527142857,0.009027451631963753,30.067439754644074,71.57270029673636,36.98519356487109,3960.3511956435054,3959.5248879823002,,,,
2025-10-20 16:00:00,EXIT,long,3989.1749418792856,,,,,,,,30.01159275586916,,,,,STOP_LOSS,-0.04608606989074971,-0.055846998774914065,0.000751911680156901
5118,ENTRY,short,3857.2704,0.005832476826000692,STRONG,2.8249311269373027,7.50289818896729,3867.0799714285713,3661.078971428572,0.008998976087847367,30.00259377978131,34.33455932434279,27.398842508806656,3883.8062484273337,3884.0701563777234,,,,
2025-10-21 13:50:00,EXIT,short,3865.146431442857,,,,,,,,29.947639658113797,,,,,STOP_LOSS,-0.04593677087131806,-0.054954121667513955,-0.0
5123,ENTRY,long,3928.8534449999997,0.005719724704176931,STRONG,3.4833229223649043,7.486909914528449,3917.3895878571425,4158.130587857142,0.008988784043382856,29.938650874070415,61.919086500092035,32.041799019485616,3885.9477146732343,3884.665015590371,,,,
2025-10-21 14:15:00,EXIT,long,3915.430893063214,,,,,,,,29.852919497441864,,,,,STOP_LOSS,-0.07677330190593032,-0.0857313766285508,0.0
5758,ENTRY,short,3851.8631050000004,0.0027886965867572103,WEAK,1.0126896240616683,3.5823503396930234,3859.1711050000004,3705.703105000001,0.004296670997427813,29.848622826444437,19.463629025024545,38.94336956301321,3879.6737941174806,3879.9794550401934,,,,
2025-10-23 19:20:00,EXIT,short,3857.2415194475007,,,,,,,,29.829321389928694,,,,,STOP_LOSS,-0.014998766011909727,-0.019301436515742305,-0.0
5967,ENTRY,long,3987.77289,0.0056129518042758305,STRONG,12.123803570938989,7.4573303474821735,3979.146175714286,4160.307175714286,0.008953270815187098,29.820368119113507,66.6029926774913,46.94978125346682,3954.8831814777845,3954.013270872543,,,,
2025-10-24 12:35:00,EXIT,long,3977.156602626429,,,,,,,,29.75184997441387,,,,,STOP_LOSS,-0.05958870936819685,-0.06851814469963667,0.0
6046,ENTRY,long,3931.2746549999997,0.0027258388853994703,WEAK,4.713321845417427,3.5702219969296642,3926.8457978571423,4019.8517978571435,0.004286408529513754,29.747563565884356,89.22330097087352,23.295895235153775,3907.4523278575043,3906.51691524694,,,,
2025-10-24 19:10:00,EXIT,long,3924.882374958214,,,,,,,,29.725859801580782,,,,,STOP_LOSS,-0.017424325504262827,-0.021703764303574877,0.0
6130,ENTRY,long,3932.915475,0.002722321456281327,WEAK,1.0495222189432782,3.567103176189694,3929.7809035714286,3995.6069035714277,0.0042826640733333475,29.72157713750745,62.813967735348186,38.010994115932526,3927.8759830005547,3927.868923974902,,,,
2025-10-25 02:10:00,EXIT,long,3927.8160131196432,,,,,,,,29.703417651891527,,,,,STOP_LOSS,-0.013882374492383378,-0.01815948561591977,0.0
6152,ENTRY,short,3919.2394,0.002727030081271282,WEAK,2.168742638808203,3.564410118226983,3921.5832571428573,3872.3622571428564,0.0042751534958014445,29.699142498395727,26.521060842434068,20.156718579401474,3928.5124754653325,3928.7619200401678,,,,
2025-10-25 04:00:00,EXIT,short,3919.622465514286,,,,,,,,29.693822295866898,,,,,STOP_LOSS,-0.001044631180555699,-0.005320202528829365,-0.0
6178,ENTRY,long,3933.4057199999997,0.0027190484978817132,WEAK,1.2215947108865879,3.5632586755040276,3931.319434285714,3975.131434285714,0.004278048365810135,29.68954424750109,69.69407265774386,30.49704431238097,3927.531635344735,3927.4872989308524,,,,
2025-10-25 06:20:00,EXIT,long,3929.3537745685717,,,,,,,,29.67425316997091,,,,,STOP_LOSS,-0.011017436138823155,-0.01529107753017776,0.0
6279,ENTRY,short,3936.05099,0.0027127163247493737,WEAK,1.1433056534693786,3.560910380396509,3938.4947042857143,3887.176704285714,0.004270955910247574,29.669982214060663,44.54135338345833,22.505443440097427,3943.0989907260687,3943.351521455593,,,,
2025-10-25 14:35:00,EXIT,short,3936.5254569335716,,,,,,,,29.664423649116486,,,,,STOP_LOSS,-0.0012870941962529695,-0.005558564944179044,-0.0
6460,ENTRY,long,3948.4432349999997,0.005637523593702059,STRONG,1.866542774290856,7.4161059122791215,3946.893092142857,3979.446092142857,0.008903776758282312,29.655519872358205,78.6764705882364,42.90573877988051,3938.964972031858,3938.541041532415,,,,
2025-10-26 05:40:00,EXIT,long,3944.919645596786,,,,,,,,29.626759722932142,,,,,STOP_LOSS,-0.019864318395137023,-0.028760149426061282,0.0
6777,ENTRY,short,4192.422740000001,0.0025427542365409083,WEAK,1.231268018084544,3.555211166751857,4198.359311428572,4073.6913114285703,0.004264120273402178,29.62249560265874,21.897488618006363,22.833010212982547,4215.814924899675,4216.268808025027,,,,
2025-10-27 08:05:00,EXIT,short,4196.260131772859,,,,,,,,29.608470035179963,,,,,STOP_LOSS,-0.009757544187701143,-0.014025567478778402,-0.0
6922,ENTRY,short,4153.642140000001,0.00534356321561245,STRONG,1.438895788115171,7.402117508794991,4162.180997142858,3982.8649971428567,0.008878099740048712,29.599591935439914,24.46698762035733,46.11456948283793,4198.646150747946,4199.723750367446,,,,
2025-10-27 20:15:00,EXIT,short,4160.099906644287,,,,,,,,29.556192548410728,,,,,STOP_LOSS,-0.034507484295418354,-0.043399387029185235,-0.0
7125,ENTRY,long,4133.375655,0.00257550978198873,WEAK,1.7643847990898271,3.5467431058092873,4129.029083571429,4220.307083571428,0.004258219772834629,29.551934328637895,66.6399999999999,23.936332226394594,4116.363866049648,4115.510058055764,,,,
2025-10-28 13:05:00,EXIT,long,4126.964569029643,,,,,,,,29.531170898961086,,,,,STOP_LOSS,-0.016511814629824925,-0.020763429676807624,0.0
7423,ENTRY,short,3991.093455,0.00554667642708299,STRONG,2.0957989247529585,7.382792724740272,3996.927597857143,3874.410597857144,0.008854921594053483,29.522315977367033,36.46198384884955,33.353274638934316,4008.87342823636,4009.0631598565756,,,,
2025-10-29 13:55:00,EXIT,short,3994.929134058215,,,,,,,,29.49217727505068,,,,,STOP_LOSS,-0.021275270614055566,-0.03013870231635467,-0.0
7480,ENTRY,short,3860.518775,0.00572671049626222,STRONG,9.475980800042935,7.37304431876267,3876.7860607142857,3535.1730607142863,0.008843229355923948,29.483334045694754,30.307825628273278,35.70871288697789,3976.871445435703,3979.453271963658,,,,
2025-10-29 18:40:00,EXIT,short,3874.8476676839286,,,,,,,,29.392400573237907,,,,,STOP_LOSS,-0.0820574201328691,-0.09093347245684619,-0.0
7595,ENTRY,short,3885.9760400000005,0.005669947023068486,STRONG,5.006875276389896,7.348100143309477,3891.1038971428575,3783.418897142858,0.008813311311885388,29.38358726192602,18.86009058882756,35.436912964990135,3928.5288962481923,3929.645371712697,,,,
2025-10-30 04:15:00,EXIT,short,3889.158345194286,,,,,,,,29.356723231350554,,,,,STOP_LOSS,-0.018043501862835123,-0.026864030575465644,-0.0
8035,ENTRY,short,3832.5627600000003,0.005741989115476653,STRONG,2.203480559279363,7.339180807837638,3840.1583314285717,3680.651331428571,0.008802613460920466,29.347920617889635,33.36855249255585,26.068853951773644,3856.1862421921765,3856.360001346592,,,,
2025-10-31 18:35:00,EXIT,short,3838.2382522628577,,,,,,,,29.306516354184495,,,,,STOP_LOSS,-0.0325886147982995,-0.041404263705139284,-0.0
8161,ENTRY,long,3857.437755,0.0027364332831470847,WEAK,1.2110663186447945,3.5167819625021393,3854.6121835714284,3913.9491835714275,0.004222248424180068,29.302294105760314,67.50000000000023,24.137249258622376,3850.1690512617843,3849.8524123325983,,,,
2025-11-01 03:25:00,EXIT,long,3852.684877479643,,,,,,,,29.285071127471603,,,,,STOP_LOSS,-0.013005932237426023,-0.01722297828871112,0.0
8203,ENTRY,short,3852.6826950000004,0.002735069334093404,WEAK,1.1236472957705024,3.5142085352965924,3854.8285521428575,3809.7655521428583,0.004214941717234733,29.28085618575437,33.32110091743148,39.68731069243912,3857.6227835741306,3857.7712231765317,,,,
2025-11-01 06:55:00,EXIT,short,3852.901137866786,,,,,,,,29.276043548668383,,,,,STOP_LOSS,-0.0005974563861967676,-0.0048126370859859794,-0.0
8286,ENTRY,short,3864.24691,0.005679257732827051,STRONG,1.905736975717701,7.319010887167096,3866.4176242857143,3820.8326242857142,0.008778421658068214,29.267265127010315,22.859387274156703,38.5664481808763,3874.2329909793557,3874.4735734111864,,,,
2025-11-01 13:50:00,EXIT,short,3864.4844154735715,,,,,,,,29.257137311012958,,,,,STOP_LOSS,-0.001348854797370675,-0.010127815997357837,-0.0
8302,ENTRY,long,3899.1085799999996,0.005630472698903746,STRONG,6.548777744049213,7.3142843277532394,3895.041437142857,3980.4514371428563,0.00878152976390054,29.248355781249057,74.04224847833855,33.95941447951673,3873.5897034875743,3873.1772851069,,,,
2025-11-01 15:10:00,EXIT,long,3893.093916424286,,,,,,,,29.20572239858863,,,,,STOP_LOSS,-0.033865399056146835,-0.042633382660424914,0.0
8362,ENTRY,long,3887.50278,0.005637357755109038,STRONG,3.026188246755179,7.301430599647158,3885.8210657142854,3921.1370657142847,0.008766097577936376,29.196956301010694,61.15319865319818,27.029282886321436,3878.119821123168,3877.988840408095,,,,
2025-11-01 20:10:00,EXIT,long,3883.8781551814286,,,,,,,,29.167765069925156,,,,,STOP_LOSS,-0.020433306830333,-0.029191231085537242,0.0
8383,ENTRY,short,3871.453305,0.0027109058021973147,WEAK,1.3201830400815675,3.5001318083910187,3873.371162142857,3833.0961621428573,0.004198058090984188,29.16356701183417,26.84039087947896,33.072757663131505,3879.8675983253493,3879.939034057848,,,,
2025-11-01 21:55:00,EXIT,short,3871.4344765617857,,,,,,,,29.15942001628244,,,,,STOP_LOSS,5.104212240149691e-05,-0.00414699555173373,-0.0
8439,ENTRY,long,3886.8524549999997,0.0027020937951874506,WEAK,3.459231327549717,3.4991304019538925,3884.197026428571,3939.9610264285707,0.004201055960585843,29.155218960321854,68.95355045381714,20.988671361726684,3873.0091009602957,3872.4004341784344,,,,
2025-11-02 02:35:00,EXIT,long,3882.254927915357,,,,,,,,29.13859992413241,,,,,STOP_LOSS,-0.012422949408619922,-0.01661903618944232,0.0
8525,ENTRY,short,3875.051505,0.002705680430614386,WEAK,7.003576682447997,3.496631990895889,3878.6857907142858,3802.3657907142865,0.00419386040988053,29.13440606372253,29.898911353032574,24.896429848894368,3895.0874651713993,3895.6222220752184,,,,
2025-11-02 11:25:00,EXIT,short,3876.746447818929,,,,,,,,29.125624395307018,,,,,STOP_LOSS,-0.0045859736161869055,-0.008781668415513911,-0.0
8671,ENTRY,long,3868.4332499999996,0.002711812952880001,WEAK,1.881301532539006,3.495074927436842,3866.208964285714,3912.9189642857145,0.004196186957880672,29.121428208349137,68.5671641791038,21.905059957442283,3857.740499284152,3857.385811726986,,,,
2025-11-02 21:55:00,EXIT,long,3864.2758598035716,,,,,,,,29.105962466432242,,,,,STOP_LOSS,-0.011274064584849697,-0.015465741916896428,0.0
8680,ENTRY,short,3843.59724,0.0027247671284808313,WEAK,2.3371088474089916,3.492715495971869,3846.723668571429,3781.0686685714286,0.00418916296586866,29.101773303466373,41.75041876046893,21.23930306393742,3856.3844136245734,3857.011830149021,,,,
2025-11-02 22:40:00,EXIT,short,3844.8003067371433,,,,,,,,29.094304752571087,,,,,STOP_LOSS,-0.0032780766987365274,-0.0074685508952846815,-0.0
8714,ENTRY,short,3846.5857450000003,0.005669916036187593,STRONG,2.6726241562225708,7.273576188142772,3851.8798878571433,3740.702887857143,0.008723927280058443,29.08558082529103,4.938448325221657,47.59094277566434,3871.716804057309,3872.3861964445136,,,,
2025-11-03 01:30:00,EXIT,short,3849.953947913215,,,,,,,,29.057751831329117,,,,,STOP_LOSS,-0.019097427710769485,-0.027828993961912234,-0.0
8853,ENTRY,short,3706.146,0.0028211409544979726,WEAK,1.0634348973290126,3.486930219759494,3710.727428571429,3614.5174285714284,0.004182224105579537,29.053569607223537,42.59224219489132,32.3274265540361,3713.58512222601,3713.9021390588573,,,,
2025-11-03 13:25:00,EXIT,short,3708.8720648571434,,,,,,,,29.041693693659568,,,,,STOP_LOSS,-0.007690613213104427,-0.011875913563969206,-0.0
8863,ENTRY,long,3727.5228299999994,0.005846285026074488,STRONG,3.403232587297458,7.260423423414892,3722.259972857142,3832.7799728571426,0.008716864362151919,29.032976829297414,58.50107066381155,25.97938960328084,3713.5406927589584,3713.2467257982007,,,,
2025-11-03 13:55:00,EXIT,long,3720.398842870714,,,,,,,,28.982627765199084,,,,,STOP_LOSS,-0.04164885927988934,-0.0503490640983293,0.0
8881,ENTRY,short,3684.566795,0.002830327064941683,WEAK,1.22776789367476,3.47791533182389,3692.453366428572,3526.8353664285714,0.004171411648989574,28.978456353550094,28.219290170809074,34.62646353788028,3714.922532686982,3715.5857890612815,,,,
2025-11-03 15:25:00,EXIT,short,3690.607139745358,,,,,,,,28.957181952226254,,,,,STOP_LOSS,-0.017096151214364298,-0.021274401323839617,-0.0
9048,ENTRY,short,3603.8071950000003,0.006023359837633491,STRONG,2.73900108354015,7.239295488056563,3609.118480714286,3497.5814807142874,0.008682811008375044,28.94849914121788,19.255947628931835,44.69143283790665,3629.8675197597786,3630.2017215776164,,,,
2025-11-04 05:55:00,EXIT,short,3495.8326899739304,,,,,,,,29.590445774990716,,,,,TAKE_PROFIT,0.6503692970623849,0.6419466337728348,-0.0
9181,ENTRY,short,3464.92667,0.00640179144514981,STRONG,1.8331397698589504,7.397611443747679,3477.353527142857,3216.3895271428564,0.008872695165630967,29.581573079825084,26.354921961410938,40.15237366616771,3517.9778738324876,3519.545062476071,,,,
2025-11-04 16:25:00,EXIT,short,3475.6148503792856,,,,,,,,29.504249513542437,,,,,STOP_LOSS,-0.06842350171632967,-0.07732356628264717,-0.0
9283,ENTRY,short,3245.4064850000004,0.003271152353035012,WEAK,1.0358848473496338,3.5405099416250922,3255.278199285715,3047.9721992857153,0.004246487623985136,29.500003025918453,31.519795657726732,38.053203499967374,3257.990869916235,3258.585639098896,,,,
2025-11-05 02:00:00,EXIT,short,3253.650560186072,,,,,,,,29.468778125300574,,,,,STOP_LOSS,-0.02696762594351622,-0.031224900617878762,-0.0
9598,ENTRY,long,3439.508895,0.006429009216378962,STRONG,1.858732474432168,7.3671945313251435,3433.5303235714287,3559.080323571428,0.008845053754308968,29.459933071546264,67.82140107775199,37.08637596388456,3413.0468593287446,3412.4647719581667,,,,
2025-11-06 03:10:00,EXIT,long,3431.813558409643,,,,,,,,29.401634417285358,,,,,STOP_LOSS,-0.0494733898625426,-0.05829865426090655,0.0
9710,ENTRY,short,3372.5029050000003,0.003136927200371861,WEAK,1.3149638190020634,3.528196130074243,3377.4074764285715,3274.411476428572,0.004231718438411048,29.397402698846946,26.94877505567966,20.0257210966412,3391.1884316629926,3391.6994303767333,,,,
2025-11-06 12:30:00,EXIT,short,3375.7187726903576,,,,,,,,29.383079002400724,,,,,STOP_LOSS,-0.010087942830678846,-0.014323696446222164,-0.0
9806,ENTRY,short,3306.4759350000004,0.00319754920177389,WEAK,1.010960062923316,3.5259694802880865,3313.8207921428575,3159.578792142857,0.004229047794657531,29.378849954606068,33.49978289188017,30.906551511101075,3322.8414908035265,3323.4428904117412,,,,
2025-11-06 21:25:00,EXIT,short,3312.163881746786,,,,,,,,29.356426142235662,,,,,STOP_LOSS,-0.01818748957991687,-0.022423812370406367,-0.0
10031,ENTRY,long,3315.3768599999994,0.0031892596270067597,WEAK,2.166511581783098,3.5227711370682795,3301.3415742857137,3596.0825742857132,0.004229439027164176,29.3521967032085,67.12198221092747,23.015760201791203,3259.291883804209,3256.142706527936,,,,
2025-11-07 15:15:00,EXIT,long,3299.690903498571,,,,,,,,29.297960687035456,,,,,STOP_LOSS,-0.05002658778098959,-0.05423601617304137,0.0
10143,ENTRY,short,3417.5503700000004,0.0030846633035606424,WEAK,1.136966793952216,3.5157552824442546,3422.727512857143,3314.007512857144,0.004216796885763639,29.293743890149692,33.49423855496751,49.79864351067035,3436.7298877389235,3437.34500393068,,,,
2025-11-08 00:40:00,EXIT,short,3421.0161491007148,,,,,,,,29.278832055349064,,,,,STOP_LOSS,-0.010690761610221025,-0.014911834800628753,-0.0
10370,ENTRY,short,3371.7532800000004,0.0031245196416493735,WEAK,1.0605109321849564,3.5134598466418874,3376.186422857143,3283.090422857144,0.00421404374006228,29.274618011609,36.063140852671424,31.714419385375532,3390.466950144654,3390.7133503771493,,,,
2025-11-08 19:30:00,EXIT,short,3374.498329645715,,,,,,,,29.261823575548988,,,,,STOP_LOSS,-0.00857696153533766,-0.012794436060014076,-0.0
10384,ENTRY,long,3400.3093049999998,0.0030995779119103502,WEAK,1.1576528303916032,3.5114188290658785,3396.5275907142855,3475.9435907142843,0.004215809446176493,29.25760776610281,73.84877771461043,27.270568505323272,3389.9861711173767,3389.8652629874314,,,,
2025-11-08 20:40:00,EXIT,long,3394.8293269189285,,,,,,,,29.2364131318864,,,,,STOP_LOSS,-0.01698561901784145,-0.02119463421641081,0.0
10429,ENTRY,short,3376.201055,0.006491422115259764,STRONG,1.4789509315207854,7.3091032829716,3379.2177692857144,3315.8667692857152,0.008766538477596139,29.227646593408807,13.52265043948529,29.357874420873653,3398.2860476454343,3399.391261044551,,,,
2025-11-09 00:30:00,EXIT,short,3377.5281604010715,,,,,,,,29.210261807660874,,,,,STOP_LOSS,-0.00861480134979653,-0.017384785747932587,-0.0
10490,ENTRY,long,3408.92361,0.006429786264387289,STRONG,4.259460043221606,7.3025654519152186,3404.997038571428,3487.455038571429,0.008767460081569412,29.201494347579306,73.09654631083197,27.70559658522304,3384.6830670676864,3383.7859768140106,,,,
2025-11-09 05:30:00,EXIT,long,3403.2945400521426,,,,,,,,29.156547648352383,,,,,STOP_LOSS,-0.036193716632007884,-0.04494669922692449,0.0
10548,ENTRY,short,3382.86772,0.006460931623686473,STRONG,2.7331182012518993,7.289136912088096,3387.3651485714286,3292.9191485714287,0.008742590812358463,29.147805057540026,10.410857036623739,33.108038846894466,3407.528206907523,3408.90064230969,,,,
2025-11-09 10:20:00,EXIT,short,3385.671465997143,,,,,,,,29.120940409625472,,,,,STOP_LOSS,-0.018114811177724725,-0.026864647914554278,-0.0
10858,ENTRY,short,3590.42389,0.006080002145530926,STRONG,4.297952157764707,7.280235102406368,3594.4953185714285,3508.9953185714285,0.008731913981826198,29.112208495643646,36.79898033503323,26.56900547872925,3608.5318513430257,3609.5209192256984,,,,
2025-11-10 12:10:00,EXIT,short,3592.698070912143,,,,,,,,29.089644026026736,,,,,STOP_LOSS,-0.01382702482515515,-0.022564469616911408,-0.0
11113,ENTRY,long,3580.099155,0.0029265971504340385,WEAK,1.2061136780952488,3.4907572831232083,3575.378012142857,3674.5220121428574,0.004191003194117724,29.085453022832617,66.21795789775187,30.690078943437747,3563.5113689773875,3563.1702092272,,,,
2025-11-11 09:40:00,EXIT,long,3573.590323136786,,,,,,,,29.062220910346475,,,,,STOP_LOSS,-0.01904872878353578,-0.02323211248614009,0.0
11154,ENTRY,short,3544.816705,0.0029499884474170203,WEAK,1.2305618462992334,3.487466509241577,3550.125847857143,3438.6338478571424,0.004182867331184348,29.05803804301529,31.642221687905632,32.863681683002646,3566.8325501134564,3567.029004287501,,,,
2025-11-11 12:50:00,EXIT,short,3548.3507849332145,,,,,,,,29.043425510510886,,,,,STOP_LOSS,-0.010425494975230628,-0.014612532504405067,-0.0
11385,ENTRY,short,3431.2435200000004,0.003045661232226393,WEAK,1.0639066655672587,3.4852110612613063,3435.165377142858,3352.806377142857,0.004180162146876811,29.03924534836401,38.86554621848746,24.388890481364957,3443.209450330747,3443.6899517332286,,,,
2025-11-12 08:05:00,EXIT,short,3433.4477944542864,,,,,,,,29.028349027577224,,,,,STOP_LOSS,-0.006713473250605709,-0.010896320786782761,-0.0
11390,ENTRY,long,3461.3498099999997,0.0030206223949242406,WEAK,1.7979416737642708,3.483401883309267,3457.3298099999997,3541.74981,0.004182172301101106,29.024166855276125,61.473392802214846,23.676549016647147,3445.133320129574,3444.3593593495043,,,,
2025-11-12 08:30:00,EXIT,long,3455.601145095,,,,,,,,29.002627082840448,,,,,STOP_LOSS,-0.017364545952957167,-0.02153977243567709,0.0
11471,ENTRY,short,3485.87619,0.002993716560239522,WEAK,1.3722955588195276,3.4803152499408534,3497.145047142857,3260.4990471428564,0.00417429011077906,28.99845279272967,22.46217331499308,48.80749968571997,3535.608535501359,3538.0388842262464,,,,
2025-11-12 15:15:00,EXIT,short,3495.396474619286,,,,,,,,28.965766068482452,,,,,STOP_LOSS,-0.0285010337229502,-0.03268672424721844,-0.0
11591,ENTRY,long,3446.912595,0.0030267346023452064,WEAK,3.39907843086326,3.475891928217894,3439.797452142857,3589.215452142857,0.004173155849018403,28.961592912633435,62.06554121151958,23.444504184225913,3418.8767454964877,3417.5003859851045,,,,
2025-11-13 01:15:00,EXIT,long,3438.0775534167856,,,,,,,,28.930689127241774,,,,,STOP_LOSS,-0.026741326073073213,-0.030903785391662386,0.0
11694,ENTRY,short,3491.43341,0.002981537763816075,WEAK,1.3821690845849328,3.4716826952690125,3498.623552857143,3347.6305528571434,0.004163936224705653,28.926525191017067,23.947260834014628,51.910320455937025,3517.017981182953,3517.2908480323968,,,,
2025-11-13 10:05:00,EXIT,short,3496.8742410807145,,,,,,,,28.906132722641335,,,,,STOP_LOSS,-0.01622204333369409,-0.020392468375733223,-0.0
11856,ENTRY,long,3257.6279999999997,0.006658353667684583,STRONG,1.82635409886179,7.226533180660334,3249.116571428571,3427.8565714285714,0.008676175736700797,28.897456546904635,75.83734228918924,50.00482391036671,3218.7577088672524,3218.506700940158,,,,
2025-11-13 23:20:00,EXIT,long,3247.492013142857,,,,,,,,28.821318381496184,,,,,STOP_LOSS,-0.06748898526585814,-0.0761381654084526,0.0
12042,ENTRY,long,3202.4504249999995,0.0032415372845771046,WEAK,1.4673472011091253,3.458558205779542,3187.012853571428,3511.201853571428,0.004152344981858918,28.817166036514326,82.25410710475754,23.62226895474341,3145.274290174521,3142.2806359543574,,,,
2025-11-14 15:00:00,EXIT,long,3185.4193471446424,,,,,,,,28.757828900417337,,,,,STOP_LOSS,-0.05520687386467559,-0.05933713609698864,0.0
12090,ENTRY,short,3158.330045,0.0032763016681330295,WEAK,1.3441052298101828,3.4509394680500804,3168.643187857143,2952.0671878571425,0.004139056797979266,28.75368984361936,28.22815533980574,48.24960995360693,3191.373149941588,3192.047646401362,,,,
2025-11-14 18:50:00,EXIT,short,3167.0588662632144,,,,,,,,28.72094109585521,,,,,STOP_LOSS,-0.02859825166550402,-0.03274874776414949,-0.0
12310,ENTRY,long,3170.614515,0.006797255255359339,STRONG,1.9742119385898214,7.1802352739638025,3166.877800714286,3245.3488007142864,0.008620590469920942,28.71232050538529,67.35337397519444,25.997289864412895,3161.198947049454,3161.1066287280155,,,,
2025-11-15 13:15:00,EXIT,long,3165.294361813929,,,,,,,,28.66755194068771,,,,,STOP_LOSS,-0.03616243920334032,-0.04476856469757993,0.0
12399,ENTRY,short,3183.6873600000004,0.0032400036099330593,WEAK,1.3054096597211944,3.440106232882525,3186.905074285715,3119.3330742857142,0.004126063415719301,28.66342587727199,27.661510464058168,51.35917546968785,3197.3365697410572,3197.415081914209,,,,
2025-11-15 21:15:00,EXIT,short,3185.311621748572,,,,,,,,28.654035094881852,,,,,STOP_LOSS,-0.005262613928848898,-0.00939078239013974,-0.0
12473,ENTRY,long,3191.8351199999997,0.006736335298021902,STRONG,1.6771625996171662,7.163508773720463,3185.2822628571425,3322.8922628571436,0.008600508633728788,28.645434586248122,77.3845763571791,35.214952235559146,3163.7194617274918,3163.420568763564,,,,
2025-11-16 11:20:00,EXIT,long,3183.689621725714,,,,,,,,28.581268867514993,,,,,STOP_LOSS,-0.05487080754504744,-0.06416571873313025,0.0007163508773720464
12578,ENTRY,short,3171.703355,0.006755119024935081,STRONG,2.063630841853772,7.145317216878748,3177.3519264285715,3058.7319264285716,0.008570093469924371,28.57269877404507,8.337830545061337,56.14296296007664,3216.1542067140736,3216.960191748633,,,,
2025-11-16 11:30:00,EXIT,short,3175.7632504653575,,,,,,,,28.53669263344702,,,,,STOP_LOSS,-0.02742507709728334,-0.036006140598046625,-0.0
13018,ENTRY,long,3039.87918,0.0033811692320992004,WEAK,1.5094125255964708,3.4244031160136426,3034.6206085714284,3145.050608571428,0.004111338381085979,28.532581295065935,63.18036286019208,20.38775925472452,3022.805323087659,3021.943996266251,,,,
2025-11-18 00:10:00,EXIT,long,3033.1032982671427,,,,,,,,28.505568718010505,,,,,STOP_LOSS,-0.022910402835479828,-0.027012577055431614,0.0
13051,ENTRY,short,3008.4950000000003,0.003409303899828499,WEAK,1.142742043107034,3.4206682461612603,3019.284285714286,2792.709285714286,0.004102749494445816,28.501465968516058,42.94987619621221,32.059991342010946,3022.452579430694,3023.0297286875984,,,,
2025-11-18 03:40:00,EXIT,short,3017.774643571429,,,,,,,,28.465713439154516,,,,,STOP_LOSS,-0.03163712501708982,-0.03575252936154247,-0.0
13179,ENTRY,short,3037.04072,0.0033725372670263634,WEAK,1.1525440843301524,3.415885612698542,3042.2418628571427,2933.0178628571434,0.004097013203870632,28.461616425950645,36.45230616630844,26.431516195849163,3048.791211457623,3049.41121477425,,,,
2025-11-18 13:40:00,EXIT,short,3040.7207419257143,,,,,,,,28.445103437254392,,,,,STOP_LOSS,-0.0124110110879456,-0.01651298869625141,-0.0
13191,ENTRY,long,3074.1362999999997,0.006943249227996093,STRONG,4.517825409312256,7.111275859313598,3065.7114428571426,3242.633442857142,0.008537797796691905,28.4365656394577,73.50950273366341,26.421789831036044,3048.729409094957,3048.512794578544,,,,
2025-11-18 14:40:00,EXIT,long,3064.178587135714,,,,,,,,28.358916615056316,,,,,STOP_LOSS,-0.06913888215755665,-0.07764902440138553,0.0
13400,ENTRY,long,3086.5024799999997,0.0033093492237890516,WEAK,1.3175612644879053,3.4030699938067577,3081.084051428571,3194.871051428572,0.0040857258345643925,28.354830889221752,81.85792349726795,87.96445625667539,3058.2611809413665,3056.9044552193473,,,,
2025-11-19 08:05:00,EXIT,long,3079.5435094028567,,,,,,,,28.32772471130874,,,,,STOP_LOSS,-0.02302966394402595,-0.027106177913012734,0.0
13561,ENTRY,long,2993.005755,0.007102029922507881,STRONG,4.051057440564771,7.081931177827185,2982.730755,3198.505754999999,0.008502566572099317,28.319222144736642,92.19442685243789,64.82381092446568,2929.559932935654,2927.0514658080874,,,,
2025-11-19 21:25:00,EXIT,long,2981.2393896225003,,,,,,,,28.227187925205975,,,,,STOP_LOSS,-0.08356507899016449,-0.09203421953066775,0.0
13673,ENTRY,short,3011.67341,0.0070259297300209345,STRONG,2.0180297426501776,7.056796981301494,3015.594838571428,2933.244838571429,0.008463922299373011,28.2187240029066,24.550898203592155,34.91312121607566,3032.329792004622,3033.2076953690234,,,,
2025-11-20 06:45:00,EXIT,short,3014.087041152143,,,,,,,,28.193295294536934,,,,,STOP_LOSS,-0.016958002869145467,-0.025428708369666136,-0.0
13853,ENTRY,long,2890.0643099999998,0.0035136453760042153,WEAK,1.0948040963874037,3.383195435344432,2882.377024285714,3043.810024285714,0.004061864439674525,28.18923343009726,75.79013906447486,39.40607569071632,2855.8818737616584,2855.477442471766,,,,
2025-11-20 21:55:00,EXIT,long,2880.9358357735714,,,,,,,,28.153110174090425,,,,,STOP_LOSS,-0.032074221255663636,-0.0361232560068359,0.0
13906,ENTRY,short,2845.79639,0.007415947004645872,STRONG,1.461077867277849,7.038277543522606,2852.845961428571,2704.8049614285715,0.008441710085701014,28.144668464004724,41.49901864573113,34.872334067572105,2862.035963771893,2862.8454230405987,,,,
2025-11-21 02:20:00,EXIT,short,2851.419538447857,,,,,,,,28.094509102642103,,,,,STOP_LOSS,-0.041700970888565295,-0.05015936136262174,-0.0
14141,ENTRY,long,2772.6556349999996,0.0036495986594417564,WEAK,1.0325975249275443,3.3713410923170524,2765.082349285714,2924.121349285714,0.0040476321154358525,28.090461470526666,84.52079107505108,31.357908941188487,2752.4534201114575,2751.396435991519,,,,
2025-11-21 21:55:00,EXIT,long,2763.6998081110714,,,,,,,,28.053741738672727,,,,,STOP_LOSS,-0.03268517380802474,-0.036719731853937385,0.0
14249,ENTRY,long,2764.0013099999996,0.00365571342635693,WEAK,1.1509218770916545,3.366449008640727,2759.253167142857,2858.9641671428562,0.004041758679774057,28.049699979992955,73.8148984198647,26.272477480227426,2747.543926525787,2747.0416852658254,,,,
2025-11-22 06:45:00,EXIT,long,2757.8735405592856,,,,,,,,28.02326581284275,,,,,STOP_LOSS,-0.022401369018037933,-0.026434167150204774,0.0
14269,ENTRY,short,2731.003815,0.003692170420778808,WEAK,1.2601482941046607,3.36279189754113,2734.6655292857145,2657.769529285714,0.0040333326019108325,28.01923248024084,9.49253731343235,36.215034081162024,2750.383998730615,2750.6599065314326,,,,
2025-11-22 08:35:00,EXIT,short,2733.2981965210715,,,,,,,,28.006724511553813,,,,,STOP_LOSS,-0.008471247586081683,-0.012507968687026947,-0.0
14436,ENTRY,long,2763.92127,0.003649692248495722,WEAK,4.350825808404353,3.3608069413864574,2760.8385557142856,2825.575555714285,0.004034984813828581,28.002689526739985,76.6032417195208,24.645813584664598,2748.32892985016,2747.693049434693,,,,
2025-11-22 22:25:00,EXIT,long,2759.4581364364285,,,,,,,,27.982371993580777,,,,,STOP_LOSS,-0.01628906397096733,-0.020317533159207524,0.0
14541,ENTRY,short,2798.949825,0.0035972838815466206,WEAK,2.368858235806806,3.357884639229693,2802.0693964285715,2736.5583964285715,0.004027446836292094,27.978344546744484,17.397298042459198,20.827906948912634,2816.6185658816325,2816.6673349790035,,,,
2025-11-23 07:10:00,EXIT,short,2800.6683617303574,,,,,,,,27.96813256260244,,,,,STOP_LOSS,-0.006182064479960147,-0.010211984142044226,-0.0
14573,ENTRY,long,2821.79019,0.007437330934821488,STRONG,1.9862205826658188,6.99203314065061,2818.038475714286,2896.8244757142866,0.008394634988665122,27.959737927613777,60.28985507246368,54.574394466357795,2809.132406797338,2808.7126775555384,,,,
2025-11-23 09:45:00,EXIT,long,2816.629456476429,,,,,,,,27.912976562377118,,,,,STOP_LOSS,-0.03838208308122678,-0.04676136523665941,0.0
14641,ENTRY,short,2818.59,0.003563358710090696,WEAK,1.1078873362833175,3.349557187485254,2823.5442857142857,2719.504285714286,0.004017458890669815,27.90895910348645,34.65815485996694,25.007933586165336,2824.9850329196156,2825.257199949743,,,,
2025-11-23 15:30:00,EXIT,short,2822.1325135714287,,,,,,,,27.89231334870678,,,,,STOP_LOSS,-0.0126232465903645,-0.01664575477967046,-0.0
14644,ENTRY,long,2835.67713,0.003542805813698969,WEAK,1.1556711480174682,3.347077601844813,2830.3264157142858,2942.6914157142855,0.004018501368774883,27.888294847338003,54.80269489894148,23.848222380514432,2825.5505626601494,2825.4385065840997,,,,
2025-11-23 15:45:00,EXIT,long,2828.911252506429,,,,,,,,27.860315743926275,,,,,STOP_LOSS,-0.023970190118999143,-0.027979103411726425,0.0
14660,ENTRY,short,2798.6499750000003,0.007462451316206748,STRONG,3.1265012755854693,6.965078935981569,2803.440546428572,2702.8385464285716,0.008353915675816294,27.85196182825046,24.11885569780324,29.26051809844381,2825.3896449427903,2826.2925789677215,,,,
2025-11-23 17:25:00,EXIT,short,2802.0388261553576,,,,,,,,27.818308660155214,,,,,STOP_LOSS,-0.025289136764724954,-0.03365316809524714,-0.0
14691,ENTRY,long,2835.8172,0.0073608987775601225,STRONG,2.303854117829979,6.9545771650388035,2831.724342857143,2917.674342857144,0.008349665344345588,27.80995899481087,71.55330882352894,28.92932103040084,2814.263399435194,2813.992474405924,,,,
2025-11-23 19:40:00,EXIT,long,2830.3084806857146,,,,,,,,27.761076423850184,,,,,STOP_LOSS,-0.04054912526644503,-0.04888257096068404,0.0
14771,ENTRY,long,2860.519545,0.007282319660412102,STRONG,1.4471397453702575,6.940269105962546,2852.646687857143,3017.9766878571418,0.008332487088618633,27.752743936761565,83.76029691318908,26.92392921213106,2806.523124765239,2805.9834553357855,,,,
2025-11-24 02:30:00,EXIT,long,2851.220364513215,,,,,,,,27.676718932630262,,,,,STOP_LOSS,-0.06771960488463637,-0.07602500413130114,0.0
15180,ENTRY,long,2921.890215,0.007107699619396012,STRONG,2.628207655507172,6.9191797331575655,2917.655072142857,3006.5930721428563,0.008307167187628974,27.668411765442634,77.36323621882116,28.207851358350776,2898.4557777378077,2897.49028498152,,,,
2025-11-25 12:30:00,EXIT,long,2916.196244606786,,,,,,,,27.619649755470785,,,,,STOP_LOSS,-0.04047103119669882,-0.04876200997184912,0.0
15210,ENTRY,short,2857.940315,0.007244510964514242,STRONG,3.690644357553674,6.904912438867696,2865.2787435714285,2711.1717435714286,0.008281751979177914,27.611368003491606,22.742943331178992,32.2898083942451,2904.7711656611677,2906.912744234578,,,,
2025-11-25 14:50:00,EXIT,short,2863.846104199643,,,,,,,,27.56028458307966,,,,,STOP_LOSS,-0.042784554610924196,-0.05108342041194648,-0.0
15265,ENTRY,short,2878.61997,0.007177007922511943,STRONG,1.908856527729446,6.890071145769915,2885.5516842857146,2739.985684285714,0.008263951332236437,27.552020631747425,19.278119753777304,33.41376041310885,2920.517545977964,2921.629367652944,,,,
2025-11-25 19:25:00,EXIT,short,2884.108908443572,,,,,,,,27.504346768057616,,,,,STOP_LOSS,-0.03939415469569588,-0.047673863689810594,-0.0
15365,ENTRY,short,2934.741895,0.003372226385885458,WEAK,1.1945853733450618,3.300521612166914,2938.628180714286,2857.016180714286,0.003958645621632996,27.500388122435982,28.044406490179043,32.39599176956171,2955.545712574484,2956.3647614122506,,,,
2025-11-26 04:40:00,EXIT,short,2937.158866623929,,,,,,,,27.488275641100007,,,,,STOP_LOSS,-0.008150575484149563,-0.01211248133597622,-0.0
15487,ENTRY,long,2928.72363,0.00704283416260428,STRONG,1.40544032956164,6.872068910275002,2924.7953442857142,3007.2893442857126,0.008250605933676167,27.48002503516633,82.71975957926361,49.68103452988087,2912.790563818352,2912.423953032821,,,,
2025-11-26 14:05:00,EXIT,long,2923.3329466135715,,,,,,,,27.43382392639458,,,,,STOP_LOSS,-0.037965689113721716,-0.046201108771752396,0.0
15676,ENTRY,short,3022.70789,0.006803528825547063,STRONG,4.816689787988009,6.858455981598645,3026.0276042857145,2956.3136042857136,0.008226032104329418,27.425597894290252,33.24960036538012,26.750595994857033,3038.122238257822,3038.600411142359,,,,
2025-11-27 05:45:00,EXIT,short,3024.5145904835717,,,,,,,,27.405075006591286,,,,,STOP_LOSS,-0.01229193881910922,-0.02052288769896628,-0.0
15735,ENTRY,short,3022.62793,0.0032623578942684076,WEAK,1.3627464725078127,3.288609000790954,3025.60993,2962.9879299999984,0.003944357635548671,27.401130648955736,39.08317580340264,29.882171289349483,3030.627504701021,3030.734789849416,,,,
2025-11-27 10:35:00,EXIT,short,3024.0971250350003,,,,,,,,27.392391334083527,,,,,STOP_LOSS,-0.00479304002065289,-0.008739314872209823,-0.0
15804,ENTRY,long,3021.8401649999996,0.0032649614049690165,WEAK,1.1327136845626964,3.287086960090023,3017.315736428571,3112.3287364285707,0.003946476604284082,27.388444857479243,76.95740365111544,38.75858271770003,3006.879223152953,3006.710617512335,,,,
2025-11-27 16:25:00,EXIT,long,3015.8070785603572,,,,,,,,27.364808465614434,,,,,STOP_LOSS,-0.01969779437827429,-0.023636391864807062,0.0
15881,ENTRY,short,3010.8938000000003,0.006813041544685575,STRONG,3.3737094398876044,6.8412021164036085,3013.802085714286,2952.7280857142864,0.008205337818414489,27.35660312779602,22.629448114212494,25.39562920411894,3031.2859952183258,3031.367919653006,,,,
2025-11-27 22:45:00,EXIT,short,3012.295184671429,,,,,,,,27.338846278914282,,,,,STOP_LOSS,-0.009547691986529867,-0.01775684888173897,-0.0
15980,ENTRY,short,3008.5049950000002,0.0032697514826891413,WEAK,1.1245659199998077,3.280661553469714,3011.188280714286,2954.8392807142864,0.003934825467231576,27.33491145344705,28.32504145937004,40.31567717661783,3014.9552839042,3015.0047055459795,,,,
2025-11-28 07:00:00,EXIT,short,3009.682686573929,,,,,,,,27.327124328906304,,,,,STOP_LOSS,-0.0038507587700041,-0.007787124540743677,-0.0
16060,ENTRY,long,3056.057265,0.006709818939961214,STRONG,4.733513069610465,6.831781082226576,3052.651836428571,3124.165836428571,0.008202236367321227,27.318922092538983,70.09345794392505,33.14893342029296,3038.0811588813003,3038.0103569352605,,,,
2025-11-28 13:40:00,EXIT,long,3051.125510510357,,,,,,,,27.277641912961688,,,,,STOP_LOSS,-0.03309117968184553,-0.04128017957729402,0.0
16161,ENTRY,short,3030.454015,0.0032388021941728343,WEAK,2.7103396880333293,3.2733170295554026,3033.5264435714284,2969.005443571429,0.00392601644524875,27.27371589651644,25.885911840968433,24.664531968985397,3045.874164201231,3046.3321491627057,,,,
2025-11-28 22:05:00,EXIT,short,3032.009680349643,,,,,,,,27.264749372326428,,,,,STOP_LOSS,-0.005038492347823296,-0.008966524190011173,-0.0
16261,ENTRY,short,3013.6424250000005,0.0067819385533870015,STRONG,6.928993413003518,6.816187343081607,3016.2352821428576,2961.785282142857,0.008175335099292079,27.256574037227136,27.42966751918202,52.85054184299493,3032.4359087976836,3032.5743072606565,,,,
2025-11-29 06:25:00,EXIT,short,3014.7271645017863,,,,,,,,27.24103912282564,,,,,STOP_LOSS,-0.007356636647543343,-0.01553491440149444,-0.0
16436,ENTRY,long,2998.91871,0.006816121645321386,STRONG,2.446416849754243,6.81025978070641,2996.6999957142857,3043.2929957142856,0.008176397892716115,27.232862724932925,72.39290350497676,32.15033505166561,2991.0041000154133,2990.9921546569635,,,,
2025-11-29 21:00:00,EXIT,long,2995.2016457164286,,,,,,,,27.199360499104834,,,,,STOP_LOSS,-0.0253359623203013,-0.033502225828089295,0.0
16475,ENTRY,long,2998.5385199999996,0.00680655592662381,STRONG,1.4850046910992114,6.799840124776209,2996.39652,3041.37852,0.008163888053806315,27.191196611051026,62.55462184873897,29.697279673405315,2990.71855942619,2990.5224986615726,,,,
2025-11-30 00:15:00,EXIT,long,2994.89832174,,,,,,,,27.15826542084175,,,,,STOP_LOSS,-0.024777213040685815,-0.03293119020927586,0.0
16512,ENTRY,short,2977.860325,0.006836625124819612,STRONG,3.8730278440148327,6.789566355210438,2980.5898964285716,2923.2688964285717,0.008143405886439399,27.15012201495531,7.359184828759382,33.94167557246786,2996.360353895123,2997.3504018655717,,,,
2025-11-30 03:20:00,EXIT,short,2979.0996014803573,,,,,,,,27.133502751359174,,,,,STOP_LOSS,-0.008472468722207697,-0.01661926359613598,-0.0
17014,ENTRY,long,2775.036825,0.003521735255165325,WEAK,1.012789451711139,3.2560203301631008,2768.6793964285716,2902.185396428572,0.00390917800839382,27.129593573350782,70.61111808257013,29.701785173894287,2753.772877401705,2752.9403570168993,,,,
2025-12-01 21:10:00,EXIT,long,2767.2950567303574,,,,,,,,27.098430842873167,,,,,STOP_LOSS,-0.02726445825252117,-0.03116273047761398,0.0
17148,ENTRY,short,2787.82539,0.007286561523348777,STRONG,3.5723606164986808,6.774607710718292,2790.3466757142855,2737.3996757142863,0.00812546448823552,27.090305378384933,22.50151423379721,39.19026574842383,2802.9286031740107,2803.5535289442896,,,,
2025-12-02 08:20:00,EXIT,short,2788.9515023764284,,,,,,,,27.073971144588803,,,,,STOP_LOSS,-0.008205487113050101,-0.01633423379613084,-0.0
17315,ENTRY,long,3015.2768849999998,0.0032340323289607267,WEAK,1.0551929073972608,3.248876537350656,3010.3298849999996,3114.216885,0.0039006011707431983,27.070070543418062,74.69546857235667,41.87856563192362,2995.1058207482592,2994.1674062693505,,,,
2025-12-02 22:15:00,EXIT,long,3008.8247200574997,,,,,,,,27.045311778835494,,,,,STOP_LOSS,-0.020866510015832274,-0.02475876458256914,0.0
17444,ENTRY,short,3049.244615,0.003191427816708824,WEAK,1.387288489936587,3.2454374134602593,3052.6783292857144,2980.5703292857156,0.003892577633704236,27.04141920120179,37.7820451272201,37.12921829903059,3054.2460472833686,3054.4153336513687,,,,
2025-12-03 09:00:00,EXIT,short,3051.151990121072,,,,,,,,27.031436938649794,,,,,STOP_LOSS,-0.006087250018286613,-0.009982262551998165,-0.0
17511,ENTRY,short,3054.09219,0.00318472758324462,WEAK,1.1772092872258086,3.243772432637975,3062.9494757142857,2876.946475714286,0.0038905806557059876,27.027546357994087,37.53131908621953,50.60204281141346,3070.9173392304247,3070.9814707234455,,,,
2025-12-03 14:35:00,EXIT,short,3061.4180009764286,,,,,,,,27.0003157327672,,,,,STOP_LOSS,-0.023330712286268953,-0.02723062522688945,-0.0
17686,ENTRY,short,3186.396005,0.0030489787181880094,WEAK,1.1375548135751041,3.2400378879320635,3190.185005,3110.6160050000008,0.003886101442785718,26.996429631324414,24.493087557602564,21.970690664674496,3201.6279124825164,3202.4253632595564,,,,
2025-12-04 05:10:00,EXIT,short,3188.5899124975,,,,,,,,26.98585167694117,,,,,STOP_LOSS,-0.006689177269550071,-0.01057795438324361,-0.0
17813,ENTRY,long,3216.217305,0.00302211049044793,WEAK,1.3202265635584218,3.23830220123294,3205.5398764285715,3429.7658764285725,0.0038879056228002676,26.98196377131837,66.36950061607595,21.59571931298696,3180.6915737096397,3179.9548954533566,,,,
2025-12-04 15:45:00,EXIT,long,3203.9371064903576,,,,,,,,26.940978593801493,,,,,STOP_LOSS,-0.03711211674077381,-0.04098517751687777,0.0
17909,ENTRY,short,3131.5434450000002,0.003095567118220725,WEAK,1.3825474815055498,3.232917431256179,3134.801445,3066.3834450000013,0.003877561167048661,26.937101032634445,14.876425855515365,20.06036941555912,3137.8566699117605,3137.95939051959,,,,
2025-12-04 23:45:00,EXIT,short,3133.2340442775003,,,,,,,,26.927988014588465,,,,,STOP_LOSS,-0.005233363533516842,-0.00911301804597891,-0.0
17917,ENTRY,long,3155.33688,0.006403781838485284,STRONG,4.22362493556829,6.731997003647116,3151.4591657142855,3232.8911657142844,0.008082435602578727,26.919905578985887,69.79788700045984,25.018954118314586,3138.5976017114963,3138.134109511727,,,,
2025-12-05 00:25:00,EXIT,long,3149.8834361314284,,,,,,,,26.876914447646474,,,,,STOP_LOSS,-0.034922664802756534,-0.04299113133941416,0.0
18468,ENTRY,long,3053.155815,0.006605547145536928,STRONG,1.8057703234195899,6.7192286119116185,3050.541529285714,3105.4415292857134,0.00806710587146109,26.868847341775012,73.50658116773582,74.61369096851915,3042.2479774829553,3041.728914433859,,,,
2025-12-06 22:20:00,EXIT,long,3049.0162585210714,,,,,,,,26.83344713803457,,,,,STOP_LOSS,-0.027344035483175877,-0.0354002037404437,0.0
18479,ENTRY,short,3035.831325,0.006625869706660716,STRONG,1.470985052275345,6.708361784508642,3038.846325,2975.5313250000004,0.008046009124339667,26.82540112891023,45.22706209453219,34.463196960883714,3041.6667398318573,3041.8799309799565,,,,
2025-12-06 23:15:00,EXIT,short,3037.3269018375004,,,,,,,,26.80744165872541,,,,,STOP_LOSS,-0.009909497261576451,-0.017959470184820747,-0.0
18634,ENTRY,long,3041.7401099999997,0.00317433573792066,WEAK,1.205995995573993,3.216892999047049,3040.12011,3074.140109999999,0.0038622017346558873,26.803579456990754,54.897595725734234,25.40721716311649,3037.798985365199,3037.652620291023,,,,
2025-12-07 12:15:00,EXIT,long,3038.600049945,,,,,,,,26.789753637446236,,,,,STOP_LOSS,-0.009967604851802325,-0.013825819544517491,0.0
18653,ENTRY,short,3029.374555,0.003182006377493292,WEAK,1.0966020089997313,3.214770436493548,3032.915412142857,2958.5574121428567,0.0038557956615303613,26.785897841784706,36.64641555285515,37.49790989979608,3038.7791546447233,3039.1026215711927,,,,
2025-12-07 13:45:00,EXIT,short,3031.3989544367855,,,,,,,,26.775597817543964,,,,,STOP_LOSS,-0.006441651918445744,-0.010300024240743484,-0.0
18692,ENTRY,long,3041.4899849999997,0.003170825769437142,WEAK,1.1283078545752003,3.213071738105276,3032.523413571428,3220.821413571429,0.0038576139287691946,26.771740203615195,74.27401915353701,84.10096972166954,3006.553258458444,3004.580422064683,,,,
2025-12-07 17:00:00,EXIT,long,3031.0071518646428,,,,,,,,26.734656647939104,,,,,STOP_LOSS,-0.03323923744229934,-0.03708355567609162,0.0
18754,ENTRY,short,3038.97975,0.006594636568312557,STRONG,5.198386121465742,6.683664161984776,3047.90175,2860.5397500000004,0.008016386795884541,26.72664026114322,13.222295273577515,52.41329173434347,3105.0801513522847,3108.0699726761936,,,,
2025-12-07 22:10:00,EXIT,short,3046.3777991250004,,,,,,,,26.66981691407532,,,,,STOP_LOSS,-0.04878744529390034,-0.056823347067902444,-0.0
18795,ENTRY,long,3116.2773599999996,0.006421881480696979,STRONG,2.8204054395747225,6.66745422851883,3110.007788571428,3241.668788571428,0.008004945546759708,26.66181196852856,85.9326113116726,41.98305870334734,3073.185155511444,3071.5195401055075,,,,
2025-12-08 01:45:00,EXIT,long,3108.4527846771425,,,,,,,,26.603578627019772,,,,,STOP_LOSS,-0.050248495360174415,-0.05823334150879005,0.0
18958,ENTRY,short,3114.432005,0.006403320925376792,STRONG,1.5178596021771373,6.650894656754943,3126.222005,2878.632005,0.00797708305131188,26.59560154396846,40.60079350085012,30.79979452658667,3143.925864437242,3144.359529708754,,,,
2025-12-08 16:30:00,EXIT,short,3124.6588939975004,,,,,,,,26.52211221417702,,,,,STOP_LOSS,-0.06548605231919924,-0.0734893297914388,-0.0
19068,ENTRY,long,3140.859645,0.0030414394328347255,WEAK,2.562902481706979,3.182653465701242,3137.4465021428573,3209.1225021428572,0.003821093750920911,26.5182911204261,58.243639921721645,22.650809307802657,3128.360692227767,3128.127054523776,,,,
2025-12-09 00:20:00,EXIT,long,3135.877778891786,,,,,,,,26.499324043462167,,,,,STOP_LOSS,-0.015152044030625035,-0.018967076963933696,0.0
19212,ENTRY,long,3125.86215,0.006361262693274213,STRONG,1.646089564613995,6.624831010865542,3123.0207214285715,3182.69072142857,0.007953772111645168,26.491370271350522,74.88358556461012,42.14416503851004,3112.8394331061972,3112.205490343341,,,,
2025-12-09 13:35:00,EXIT,long,3121.4592110678573,,,,,,,,26.45541945136954,,,,,STOP_LOSS,-0.028008251169803707,-0.03595081998098096,0.0
19238,ENTRY,short,3110.30407,0.003060533251011625,WEAK,1.2668216126179592,3.174650334164345,3115.3556414285717,3009.272641428572,0.0038076756107967157,26.451611775758742,32.09163717638293,33.15899020525576,3119.5016783968676,3119.5770936023614,,,,
2025-12-09 14:30:00,EXIT,short,3113.7979636078576,,,,,,,,26.437106645314575,,,,,STOP_LOSS,-0.01069317756234468,-0.014505130444166334,-0.0
19246,ENTRY,long,3133.415925,0.0063310279815399625,STRONG,1.840095397487115,6.609276661328644,3125.071639285714,3300.3016392857153,0.007935097559591169,26.429171547754983,60.49847848137946,27.914679675039785,3120.1817418081782,3119.53224188399,,,,
2025-12-09 15:10:00,EXIT,long,3123.5091034660713,,,,,,,,26.358541174001704,,,,,STOP_LOSS,-0.06272036433942367,-0.07063037375327907,0.0
19327,ENTRY,short,3285.25655,0.006014453095774522,STRONG,1.55625400672658,6.589635293500426,3292.7775500000002,3134.83655,0.007903608571024411,26.35063756543068,30.12389035216063,35.64014089138285,3325.4668858468513,3327.4886751326517,,,,
2025-12-09 21:55:00,EXIT,short,3291.1311612250006,,,,,,,,26.30738725016151,,,,,STOP_LOSS,-0.03533257366867623,-0.043250315269168116,-0.0
19408,ENTRY,long,3326.452395,0.0059343719265340465,STRONG,5.247349642938536,6.576846812540378,3323.022966428571,3395.0409664285717,0.007896162283135976,26.299491087878376,68.30484330484423,29.455250021541907,3311.8194174252812,3311.302146168226,,,,
2025-12-10 04:40:00,EXIT,long,3321.361454945357,,,,,,,,26.261395478467996,,,,,STOP_LOSS,-0.030211531739940782,-0.03809560941038078,0.0
19513,ENTRY,long,3338.3583449999996,0.002833377500531508,WEAK,2.477122768359704,3.151367457416159,3333.774345,3430.0383449999995,0.0037835317693738404,26.25761194669862,72.30987413579165,24.5894615827743,3321.026222799046,3320.8981244754486,,,,
2025-12-10 13:25:00,EXIT,long,3332.1074578275,,,,,,,,26.236124376305554,,,,,STOP_LOSS,-0.017711123072920987,-0.02148757039306566,0.0
19803,ENTRY,short,3191.06367,0.006163228556197393,STRONG,1.5362978791486208,6.5590310940763885,3194.542812857143,3121.4808128571417,0.007866901894235221,26.22825747441132,37.97536154258185,26.323336031967077,3198.021096011525,3198.2612803153684,,,,
2025-12-11 13:35:00,EXIT,short,3192.9455414507147,,,,,,,,26.2087875292914,,,,,STOP_LOSS,-0.01159840386413744,-0.019469945119918317,-0.0
19940,ENTRY,short,3187.64538,0.0029584363392359636,WEAK,5.150913013421274,3.145054503514968,3193.398522857143,3072.582522857143,0.003772178371515853,26.205015350919883,18.70690776635884,22.960769609992894,3228.067159772618,3229.714201926885,,,,
2025-12-12 01:00:00,EXIT,short,3191.8018235957143,,,,,,,,26.188941680143312,,,,,STOP_LOSS,-0.012296573775545886,-0.016073670776571958,-0.0
20030,ENTRY,short,3237.42048,0.006064051774633065,STRONG,1.5731680804486734,6.547235420035828,3240.26748,3180.4804800000006,0.007852754162790973,26.18108892598052,33.71517833897427,41.338421902682754,3248.1528725777302,3248.1710821286765,,,,
2025-12-12 08:30:00,EXIT,short,3238.64734626,,,,,,,,26.165793415384332,,,,,STOP_LOSS,-0.007439780521190138,-0.015295510596189587,-0.0
20051,ENTRY,long,3254.08623,0.0028961726291909383,WEAK,1.2673743909216326,3.1398952098461197,3250.4746585714283,3326.317658571428,0.0037697581889412513,26.16202365719539,58.08635199414578,20.162036352713777,3246.748644316988,3246.509540361114,,,,
2025-12-12 10:15:00,EXIT,long,3248.849421242143,,,,,,,,26.143093263498514,,,,,STOP_LOSS,-0.015166702188812938,-0.018930393696878663,0.0
20299,ENTRY,long,3096.5474999999997,0.006335159918456829,STRONG,3.602019014729854,6.5357733158746285,3095.275071428571,3121.996071428571,0.007846849443039079,26.135246414055477,74.00000000000088,55.10796451928385,3089.0901031459193,3088.8188927247143,,,,
2025-12-13 06:55:00,EXIT,long,3093.727433892857,,,,,,,,26.109541141070977,,,,,STOP_LOSS,-0.017865569769369604,-0.025705272984500933,0.0
20562,ENTRY,short,3109.154645,0.006295075997377844,STRONG,3.79305828173246,6.527385285267744,3110.8989307142856,3074.2689307142864,0.007828945911150133,26.101712195159827,31.512237762237035,36.32843688204456,3118.169546617586,3118.351960940904,,,,
2025-12-14 04:50:00,EXIT,short,3109.3434812489286,,,,,,,,26.092694035215196,,,,,STOP_LOSS,-0.0011887385380647312,-0.00901815994463009,-0.0
20603,ENTRY,long,3118.4084249999996,0.00627862121257404,STRONG,1.4819419488994197,6.523173508803799,3117.108139285714,3144.414139285714,0.00783172211466984,26.084862313100526,61.59079016221823,36.39841805252996,3113.1976812944645,3113.1496445060793,,,,
2025-12-14 08:15:00,EXIT,long,3115.5495852160716,,,,,,,,26.05908819870398,,,,,STOP_LOSS,-0.017949572110721134,-0.025774114396546685,0.0
20617,ENTRY,short,3109.934255,0.006281336642260778,STRONG,3.5268718877277356,6.514772049675995,3111.5011121428574,3078.5971121428565,0.00781381759638139,26.051274381107596,37.56957328385972,47.59292939626907,3113.6397623335206,3113.6593472845107,,,,
2025-12-14 09:25:00,EXIT,short,3109.945361586786,,,,,,,,26.043390771394982,,,,,STOP_LOSS,-6.976421054872119e-05,-0.00788360971261433,-0.0
20812,ENTRY,long,3110.7545999999998,0.0030154447052946716,WEAK,3.4642957672327643,3.1252068925673977,3104.5848857142855,3234.148885714285,0.0037521233952164178,26.039638647999766,71.05738000721756,20.290531793994866,3077.2552366645723,3075.498542705191,,,,
2025-12-15 01:40:00,EXIT,long,3103.0325932714286,,,,,,,,26.01261055441435,,,,,STOP_LOSS,-0.02328528430391973,-0.027028093585414577,0.0
20953,ENTRY,short,3132.263085,0.002988209251806629,WEAK,1.0157417805395699,3.121513266529722,3136.050799285714,3056.5087992857143,0.0037439430118757495,26.008866611402475,37.432009230261905,32.89196776525182,3147.7364054638856,3148.254345260135,,,,
2025-12-15 13:25:00,EXIT,short,3134.4827738860718,,,,,,,,25.998487120367162,,,,,STOP_LOSS,-0.006632894865491829,-0.010379491035313774,-0.0
21100,ENTRY,short,2940.0392450000004,0.006628862502685822,STRONG,1.9292201656953731,6.499621780091791,2946.040530714286,2820.0135307142864,0.0077956463630420945,25.99069147400412,29.734777736271866,41.0688806851364,2954.4015743978766,2954.8413899748557,,,,
2025-12-16 01:40:00,EXIT,short,2944.567510448929,,,,,,,,25.952866571704853,,,,,STOP_LOSS,-0.030017249036611755,-0.03782490229926849,-0.0
21173,ENTRY,short,2918.969785,0.0066649945140882134,STRONG,2.0183887851816382,6.488216642926213,2922.259499285714,2853.175499285714,0.007781967041525701,25.945084604663325,28.776185226020445,58.88420262345495,2933.2434094875116,2933.3306103550094,,,,
2025-12-16 07:45:00,EXIT,short,2920.7983695360713,,,,,,,,25.925110256717975,,,,,STOP_LOSS,-0.012187505901463109,-0.019974347945349392,-0.0
21208,ENTRY,long,2946.102315,0.0031695118546026056,WEAK,2.6543443028181994,3.111013230806157,2942.6973150000003,3014.2023149999995,0.0037350824849058718,25.92137517423307,69.57093972097965,20.948319881830887,2930.8382711534023,2930.7508766272404,,,,
2025-12-16 11:00:00,EXIT,long,2941.2259663425007,,,,,,,,25.902190629128995,,,,,STOP_LOSS,-0.015455644877119914,-0.019184545104074937,0.0
21307,ENTRY,long,2959.6390799999995,0.006567137332614445,STRONG,1.7649173567302205,6.475547657282249,2953.961794285714,3073.1847942857144,0.007774542517333068,25.894416086611663,74.13820242405214,34.607515354256186,2940.053964708755,2939.1567615510735,,,,
2025-12-16 18:55:00,EXIT,long,2952.484813388571,,,,,,,,25.839677285963482,,,,,STOP_LOSS,-0.04698305135138773,-0.05473880064818024,0.0
21396,ENTRY,short,2942.338095,0.006583223089965932,STRONG,1.499671909094058,6.459919321490871,2946.592095,2857.2580949999997,0.00774802723419615,25.831929258729286,38.283627510651705,34.73277062477951,2952.194866467864,2952.5232716106343,,,,
2025-12-17 02:20:00,EXIT,short,2945.1187989525,,,,,,,,25.805867914630845,,,,,STOP_LOSS,-0.018305994466457937,-0.026061344098440672,-0.0
21403,ENTRY,long,2958.73863,0.0065447072411533415,STRONG,1.587253100379856,6.451466978657711,2955.17463,3030.0186299999996,0.007745631254576447,25.79812228337627,52.05915813424389,32.06254474179381,2952.4752712388176,2952.434123427964,,,,
2025-12-17 02:55:00,EXIT,long,2953.6970426850003,,,,,,,,25.757394137399512,,,,,STOP_LOSS,-0.03299571300738446,-0.04072814597675795,0.0
21461,ENTRY,long,2951.475,0.006548490034932079,STRONG,3.6173221018527033,6.439348534349878,2948.4861428571426,3011.2521428571426,0.007731081850340462,25.74966305554917,62.552301255230766,30.194506017344654,2940.014161956631,2939.9080926964825,,,,
2025-12-17 07:45:00,EXIT,long,2947.0118997857144,,,,,,,,25.71271709704759,,,,,STOP_LOSS,-0.029226567278152035,-0.036945958501581236,0.0
21685,ENTRY,long,2832.33546,0.003269812695144028,WEAK,1.0119067267215696,3.0855260516457106,2827.8830314285715,2921.38403142857,0.0037044825776058397,25.709012614469984,52.09568162574098,30.997844359244443,2830.03151673427,2830.0130231213475,,,,
2025-12-18 03:25:00,EXIT,long,2826.4690899128573,,,,,,,,25.68613387327958,,,,,STOP_LOSS,-0.019181931385351767,-0.022878741190403465,0.0
21723,ENTRY,short,2824.94682,0.003271702187400277,WEAK,1.36726975213346,3.0823360647935494,2827.0202485714285,2783.478248571428,0.0036969538761133834,25.682436919403468,24.963235294116856,49.64625146562977,2832.7289474669965,2833.062537683645,,,,
2025-12-18 05:35:00,EXIT,short,2825.606738447143,,,,,,,,25.67658004527768,,,,,STOP_LOSS,-0.0021590566270232197,-0.0058568741257874115,-0.0
21864,ENTRY,short,2824.5070400000004,0.006814571903648461,STRONG,3.7231443683298338,6.41914501131942,2835.9687542857146,2595.2727542857156,0.0076991225265765125,25.668880922751104,10.927019434730042,41.247047469074396,2922.025147796747,2926.3690126991796,,,,
2025-12-18 17:30:00,EXIT,short,2834.550769908572,,,,,,,,25.592710703093886,,,,,STOP_LOSS,-0.06844371964278541,-0.07617021965721904,-0.0
22160,ENTRY,short,2938.53,0.006528752730381093,STRONG,2.3317521150541074,6.398177675773471,2946.904285714286,2771.0442857142866,0.0076739743043227025,25.585036728789564,34.806629834254196,25.64112178334921,2969.6967009041996,2970.220415736845,,,,
2025-12-19 18:00:00,EXIT,short,2945.430833571429,,,,,,,,25.53229089692946,,,,,STOP_LOSS,-0.0450538360213716,-0.05274583186010285,-0.0
22177,ENTRY,long,2985.7321199999997,0.006416782220162285,STRONG,2.0615886888675394,6.383072724232365,2980.035548571428,3099.6635485714282,0.007663517112713378,25.524627379816746,72.30328295987499,34.70773501540384,2968.478309406459,2967.9739423341603,,,,
2025-12-19 19:25:00,EXIT,long,2978.5455307971424,,,,,,,,25.470867530794656,,,,,STOP_LOSS,-0.046114777820504646,-0.05375984902208982,0.0
22233,ENTRY,short,2974.35208,0.006419414568019782,STRONG,2.4045538694005355,6.367716882698664,2976.327365714286,2934.8463657142865,0.0076374396291087766,25.46323009116555,26.901248581157958,41.01254070027219,2983.110311941903,2983.2647067314847,,,,
2025-12-20 00:10:00,EXIT,short,2974.839202031429,,,,,,,,25.452464362456176,,,,,STOP_LOSS,-0.0031270382649584115,-0.010765728709373173,-0.0
22333,ENTRY,long,2989.223865,0.0063892481154060555,STRONG,1.4635585385248973,6.363116090614044,2987.2245792857143,3029.2095792857135,0.007639557178391222,25.444824805277786,69.74378296910297,35.867083440532454,2983.076711657327,2983.031997138689,,,,
2025-12-20 08:30:00,EXIT,long,2985.7309669960714,,,,,,,,25.414877182907286,,,,,STOP_LOSS,-0.022316991988905938,-0.0299476223705016,0.0
22393,ENTRY,short,2971.69341,0.0064110339391427575,STRONG,3.73454117851841,6.353719295726822,2973.9738385714286,2926.084838571427,0.00762065092329475,25.407256531983993,15.528424265546647,42.428204195256946,2983.5829394681873,2984.0466666303555,,,,
2025-12-20 13:25:00,EXIT,short,2972.486851652143,,,,,,,,25.394547064987535,,,,,STOP_LOSS,-0.005086781360618108,-0.012709466996457103,-0.0
22501,ENTRY,short,2973.63244,0.0030728296483488104,WEAK,1.2229516265863494,3.047345647798504,2974.6455828571425,2953.3695828571435,0.003654986369969526,25.390892078617565,23.58431860609636,50.31574764061882,2979.605970623544,2979.8198180561617,,,,
2025-12-20 22:25:00,EXIT,short,2973.158260065714,,,,,,,,25.388694749237985,,,,,STOP_LOSS,0.001457074160726065,-0.0021973293795791706,-0.0
22677,ENTRY,short,2969.3046050000003,0.006409581647281864,STRONG,6.924126054574335,6.347173687309496,2972.938890714286,2896.618890714286,0.00761280012055901,25.381081949117426,22.427670219707935,39.629405482626446,2992.8110141644693,2993.4783834076816,,,,
2025-12-21 13:05:00,EXIT,short,2971.4524212689294,,,,,,,,25.35969703861631,,,,,STOP_LOSS,-0.013766603739061311,-0.021384910501115944,-0.0
22793,ENTRY,long,2991.645075,0.00636080891559361,STRONG,2.1879802041230714,6.339924259654078,2988.9605035714285,3045.336503571428,0.007611713066140687,25.35208532555017,54.21508034610666,30.649907671420515,2984.971358137623,2984.785694076204,,,,
2025-12-22 00:10:00,EXIT,long,3043.8138353196423,,,,,,,,25.676176394034375,,,,,TAKE_PROFIT,0.3318355157566475,0.32409106848420416,0.0
22996,ENTRY,short,3024.98675,0.0030541627298372293,WEAK,1.3907353210976099,3.081141167284125,3035.6243214285714,2812.2353214285713,0.003695520716040579,25.672480873318335,34.38005519078891,26.54875121982175,3049.210905302179,3050.425791262606,,,,
2025-12-22 15:40:00,EXIT,short,3034.1065092678573,,,,,,,,25.640920982449774,,,,,STOP_LOSS,-0.027853228860977308,-0.03155989086856228,-0.0
23088,ENTRY,long,3009.46398,0.006393266777762115,STRONG,1.7743793229632487,6.410230245612444,3005.6136942857142,3086.469694285714,0.0076961224328823,25.63322486001689,76.32933104631219,27.546338175013993,2998.8015523270706,2998.7513686514744,,,,
2025-12-22 23:35:00,EXIT,long,3004.1108874385714,,,,,,,,25.591318678252275,,,,,STOP_LOSS,-0.03422374883126722,-0.041906181764617016,0.0
23234,ENTRY,long,2971.82517,0.003101622953658779,WEAK,1.230236494187025,3.0709582413902727,2969.834455714286,3011.639455714286,0.003686992464613162,25.587631685787663,59.063829787234496,39.24616778917437,2967.872460096137,2967.820758993297,,,,
2025-12-23 11:30:00,EXIT,long,2968.349538486429,,,,,,,,25.57316890688149,,,,,STOP_LOSS,-0.010780098480951582,-0.014462778906172364,0.0
23246,ENTRY,short,2957.4605300000003,0.0031113644773051617,WEAK,1.3504356685936003,3.068780268825779,2960.236815714286,2901.934815714287,0.0036806950544296395,25.56948821182706,33.333333333333016,31.074666772434995,2967.340832351789,2967.8597540121577,,,,
2025-12-23 12:30:00,EXIT,short,2958.756697306429,,,,,,,,25.5617730547192,,,,,STOP_LOSS,-0.004032848913866704,-0.00771515710786189,-0.0
23411,ENTRY,short,2949.02475,0.0064976545639855625,STRONG,2.803520541591501,6.3904432636798,2951.9694642857144,2890.1304642857135,0.007664697650457554,25.554108357068742,20.45771699692979,31.763653719279684,2962.753815476888,2963.194472933111,,,,
2025-12-24 02:15:00,EXIT,short,2950.493479553572,,,,,,,,25.536896544812343,,,,,STOP_LOSS,-0.009543297287026594,-0.017211812256398958,-0.0
23559,ENTRY,short,2918.2101650000004,0.0065598757423302135,STRONG,5.870209984806699,6.384224136203086,2921.2873078571433,2856.6673078571425,0.007657238428961981,25.52923930638338,33.20841741135807,37.685717602233886,2930.4382362579804,2930.867259617102,,,,
2025-12-24 14:50:00,EXIT,short,2919.826664203215,,,,,,,,25.510973792430192,,,,,STOP_LOSS,-0.010604033910663025,-0.01826551395318927,-0.0
23583,ENTRY,long,2943.981255,0.006502350151511004,STRONG,3.8096942198789576,6.377743448107548,2938.438540714286,3054.835540714285,0.0076571187837979225,25.503316673646395,71.99748743718635,32.855432242360045,2925.9681913653667,2925.721673267881,,,,
2025-12-24 16:35:00,EXIT,long,2936.969321443929,,,,,,,,25.45008374526078,,,,,STOP_LOSS,-0.045594047220704655,-0.053232928385614296,0.0
23841,ENTRY,long,2933.466,0.003124839750441296,WEAK,1.3677911553527455,3.0540100494312936,2931.478714285714,2973.2117142857137,0.0036666444653472106,25.446417100795433,58.06253832004963,21.540262400295497,2927.3091841718356,2927.1352981833274,,,,
2025-12-25 14:15:00,EXIT,long,2930.012974928571,,,,,,,,25.431964622387614,,,,,STOP_LOSS,-0.010790150002471056,-0.014452478407817278,0.0
23926,ENTRY,short,2948.16518,0.0031039405703948758,WEAK,1.0557939513717773,3.051835754686514,2949.8627514285713,2914.213751428572,0.003660371804171005,25.428304250583444,32.23097112860786,31.536294895653985,2951.4229535929285,2951.4350207429275,,,,
2025-12-25 21:10:00,EXIT,short,2948.387820052857,,,,,,,,25.423952540862018,,,,,STOP_LOSS,-0.000691061492657886,-0.004351709721425954,-0.0
23988,ENTRY,long,2974.4564849999997,0.006413776259311906,STRONG,10.688512593944415,6.3559881352155045,2969.7859135714284,3067.8679135714287,0.007630999355139736,25.41632154150688,94.61570651415857,63.84339349265692,2925.1420056316665,2923.0858568698413,,,,
2025-12-26 03:05:00,EXIT,long,2968.3010206146428,,,,,,,,25.36922656272043,,,,,STOP_LOSS,-0.03947977133984227,-0.04709497878644607,0.0
24078,ENTRY,long,2975.96724,0.006396721417538637,STRONG,2.3366958767011874,6.342306640680108,2974.1599542857143,3012.1129542857147,0.007614573352800538,25.36161198936763,82.54799301919597,38.98403711741288,2967.2459148055386,2967.002482580562,,,,
2025-12-26 09:50:00,EXIT,long,2972.6728743085714,,,,,,,,25.332932705695097,,,,,STOP_LOSS,-0.021073139575565412,-0.028679283672535725,0.0
24138,ENTRY,short,2932.15319,0.006476537359736885,STRONG,6.352412396338055,6.333233176423774,2936.50319,2845.15319,0.007596079871802674,25.325336625823294,11.381338419964834,48.11700452618125,2971.1701750755547,2972.1374318358266,,,,
2025-12-26 20:45:00,EXIT,short,2935.034938405,,,,,,,,25.299069329244663,,,,,STOP_LOSS,-0.018663751206345024,-0.026267296578630236,-0.0
24211,ENTRY,long,2935.136835,0.0064677697208389145,STRONG,1.4252498383398493,6.324767332311166,2933.0938349999997,2975.996835000001,0.007593515659172786,25.29147581358549,67.30000000000018,30.12696871867528,2928.4581963047294,2928.2616338941825,,,,
2025-12-26 20:55:00,EXIT,long,2931.6272880825,,,,,,,,25.26119243621596,,,,,STOP_LOSS,-0.02269894128686906,-0.0302833773695271,0.0
24238,ENTRY,long,2932.775655,0.0064632858098126675,STRONG,2.328396937955741,6.31529810905399,2930.6563692857144,2975.161369285715,0.0075821469097302205,25.25361028930623,59.56037338151132,45.53369874792618,2928.728356066538,2928.6689375343394,,,,
2025-12-26 23:10:00,EXIT,long,2929.1910411010717,,,,,,,,25.222869025603558,,,,,STOP_LOSS,-0.02316838414659978,-0.030741263702671363,0.0
24290,ENTRY,long,2930.54454,0.003100028967872943,WEAK,2.3099556516090383,3.0267442830724267,2929.520254285714,2951.030254285715,0.003633909186256756,25.219235116417302,64.7209749839644,22.781120959992013,2927.5947872594356,2927.548573099084,,,,
2025-12-27 03:30:00,EXIT,long,2928.0554941585715,,,,,,,,25.20788817946594,,,,,STOP_LOSS,-0.007716114210791657,-0.011346936951364097,0.0
24376,ENTRY,short,2921.65844,0.0031045046883493455,WEAK,2.9858378899977676,3.0249465815359127,2923.2107257142857,2890.612725714286,0.003628120929894174,25.204260058536047,27.482993197278432,24.98254822162925,2932.436862407133,2932.829408467721,,,,
2025-12-27 10:40:00,EXIT,short,2921.7491203514287,,,,,,,,25.200350307422973,,,,,STOP_LOSS,-0.0002815175761510864,-0.003909751113075721,-0.0
24405,ENTRY,short,2928.265135,0.0030965741248074976,WEAK,1.05042052905849,3.024042036890757,2929.065277857143,2912.2622778571435,0.0036270360190467734,25.196723271403926,44.42250740375076,57.44296428764972,2930.8313435207583,2930.8675994530645,,,,
2025-12-27 13:05:00,EXIT,short,2927.6007452182143,,,,,,,,25.195154390524827,,,,,STOP_LOSS,0.0020573322070642774,-0.0015688808790996706,-0.0
24641,ENTRY,long,2942.720625,0.006424603754489968,STRONG,2.9529838565329474,6.298788597631207,2941.465767857143,2967.817767857143,0.007562325590316026,25.18759206493451,55.83840619811902,26.54918787262144,2940.4512664836616,2940.435624216989,,,,
2025-12-28 08:45:00,EXIT,long,2939.9950349732144,,,,,,,,25.162525907759274,,,,,STOP_LOSS,-0.017510835919286788,-0.0250661571752351,0.0
24646,ENTRY,long,2943.77115,0.0030787171011770853,WEAK,1.0172445214647192,3.019503108931113,2942.3817214285714,2971.5597214285717,0.003625215432582694,25.158900692326693,58.81410256410335,24.969324787421275,2940.432951621159,2940.4182390361475,,,,
2025-12-28 09:10:00,EXIT,long,2940.910530567857,,,,,,,,25.1464719617436,,,,,STOP_LOSS,-0.008807037965697559,-0.012428730583093973,0.0
24653,ENTRY,short,2933.69242,0.006425494341469528,STRONG,3.077009528177408,6.2866179904359,2935.512134285714,2897.2981342857142,0.007540169617728819,25.13893179212587,41.26191556967715,28.38024915102952,2940.0875968369996,2940.3361263661573,,,,
2025-12-28 09:50:00,EXIT,short,2934.0443782185716,,,,,,,,25.12912921236406,,,,,STOP_LOSS,-0.0022615055418666735,-0.00980257976181224,-0.0
24704,ENTRY,short,2938.94979,0.003076596716268785,WEAK,2.1704714667091785,3.015495505483687,2940.1116471428572,2915.7126471428573,0.0036167853092771347,25.125512427054783,47.61904761904828,20.911090513200104,2941.642015305802,2941.685254505841,,,,
2025-12-28 14:00:00,EXIT,short,2938.641591319286,,,,,,,,25.12284422407577,,,,,STOP_LOSS,0.0009482030490437194,-0.0026682029790137977,-0.0
25158,ENTRY,long,2949.8741999999997,0.006390629890129163,STRONG,2.9753359172344913,6.2807110560189425,2946.827914285714,3010.799914285714,0.00754062169385634,25.115303602381914,73.15225907547695,38.86083831019011,2935.6813749590983,2934.9794073795556,,,,
2025-12-30 03:50:00,EXIT,long,2945.3545003285712,,,,,,,,25.078890806364544,,,,,STOP_LOSS,-0.028883727814637918,-0.0364127960173684,0.0
25288,ENTRY,short,2962.95778,0.003045567017814911,WEAK,1.2413389386847127,3.0094668967637452,2967.903922857143,2864.034922857144,0.0036095545959784364,25.075281251768565,28.70855148342075,34.57498564836987,2977.6495564538404,2978.2882306019583,,,,
2025-12-30 14:40:00,EXIT,short,2966.4199708957144,,,,,,,,25.06112314503746,,,,,STOP_LOSS,-0.010544334401366321,-0.014158106731105303,-0.0
25291,ENTRY,long,3002.32041,0.006263568744135968,STRONG,5.013961971691506,6.265280786259365,2995.7726957142854,3133.2746957142854,0.007522096111982994,25.053601048925476,56.840620592383765,33.92108975008657,2979.9416442842985,2979.1500109466933,,,,
2025-12-30 14:55:00,EXIT,long,2994.2748093664286,,,,,,,,24.995704937826318,,,,,STOP_LOSS,-0.050394172656237184,-0.05789611109915768,0.0
25392,ENTRY,long,2974.4764949999994,0.0030267352993509815,WEAK,1.2907718180524976,2.999484592539158,2972.5547807142852,3012.9107807142846,0.003601181201802513,24.992103756624516,60.27749229188076,51.10442349468485,2969.032686881966,2969.011189345176,,,,
2025-12-30 23:20:00,EXIT,long,2971.0685033239283,,,,,,,,24.978191612752337,,,,,STOP_LOSS,-0.010315088705858731,-0.0139121438721789,0.0
25416,ENTRY,long,2983.491,0.006282241351295859,STRONG,3.2836086011747097,6.244547903188084,2980.8214285714284,3036.88242857143,0.007497204212567613,24.970694408539767,71.01490019679443,38.23877752577909,2969.2995560920726,2969.228956016681,,,,
2025-12-31 01:20:00,EXIT,long,2979.331017857143,,,,,,,,24.937073646093424,,,,,STOP_LOSS,-0.026134011838509788,-0.033620762446342,0.0
25449,ENTRY,short,2970.514,0.003020641491451424,WEAK,1.1803297296975352,2.9924488375312106,2972.462285714286,2931.5482857142856,0.003589143135734934,24.93348450295769,28.167053364270586,36.96464443210555,2974.6223115753437,2974.753741052983,,,,
2025-12-31 04:05:00,EXIT,short,2970.976054571429,,,,,,,,24.9284991003317,,,,,STOP_LOSS,-0.0013957012097725787,-0.004985402625991422,-0.0
25878,ENTRY,long,2991.7151099999996,0.003001203816481534,WEAK,1.6496695859232169,2.991419892039804,2989.6451099999995,3033.1151099999997,0.0035914987223829883,24.924907601609316,71.11607142857126,21.100202382143884,2984.658787109689,2984.339925688839,,,,
2026-01-01 15:50:00,EXIT,long,2988.150287445,,,,,,,,24.910621623333412,,,,,STOP_LOSS,-0.010698759057145046,-0.014285978275905177,0.0
25897,ENTRY,long,2989.95423,0.0030008177403746507,WEAK,1.458499179403102,2.9892745948000092,2988.3316585714283,3022.4056585714284,0.0035889230785168913,24.907032700254895,60.31991744066042,24.654534375432398,2984.748472258063,2984.606043216173,,,,
2026-01-01 17:25:00,EXIT,long,2986.837492742143,,,,,,,,24.894094757825098,,,,,STOP_LOSS,-0.009352760455464047,-0.012937942429798753,0.0
